Treatment,Tank,Fragment,Picture,Time ,date,F0,Fm,YII
26,4,1,7,0,12.04.17,0.1534,0.2716,0.435
26,4,9,7,0,12.04.17,0.1485,0.2853,0.479
26,4,13,11,0,12.04.17,0.1799,0.301,0.402
26,4,16,7,0,12.04.17,0.1446,0.2735,0.471
26,4,17,9,0,12.04.17,0.1294,0.2471,0.476
26,4,42,10,0,12.04.17,0.1319,0.2652,0.503
26,4,36,8,0,12.04.17,0.1456,0.2363,0.384
26,4,44,10,0,12.04.17,0.1525,0.2853,0.466
26,4,50,9,0,12.04.17,0.1265,0.2426,0.479
26,4,51,8,0,12.04.17,0.1574,0.2696,0.416
26,4,55,10,0,12.04.17,0.1529,0.2789,0.452
26,4,56,11,0,12.04.17,0.1775,0.3265,0.456
26,4,61,9,0,12.04.17,0.1642,0.2824,0.418
26,4,64,10,0,12.04.17,0.1417,0.2627,0.461
26,4,67,8,0,12.04.17,0.1681,0.2892,0.419
26,4,72,7,0,12.04.17,0.1549,0.3025,0.488
26,4,76,9,0,12.04.17,0.1549,0.275,0.437
26,4,77,11,0,12.04.17,0.1569,0.2956,0.469
26,4,86,8,0,12.04.17,0.1377,0.223,0.382
26,4,94,7,0,12.04.17,0.1407,0.2583,0.455
27,3,3,1,0,12.04.17,0.1525,0.3382,0.549
27,3,11,2,0,12.04.17,0.1309,0.3103,0.578
27,3,12,1,0,12.04.17,0.1299,0.248,0.476
27,3,28,4,0,12.04.17,0.1314,0.2789,0.529
27,3,29,4,0,12.04.17,0.1265,0.2534,0.501
27,3,30,6,0,12.04.17,0.1363,0.2755,0.505
27,3,31,6,0,12.04.17,0.1446,0.3113,0.535
27,3,35,5,0,12.04.17,0.1819,0.3485,0.478
27,3,40,2,0,12.04.17,0.1358,0.3265,0.584
27,3,57,2,0,12.04.17,0.1623,0.3167,0.488
27,3,58,6,0,12.04.17,0.123,0.2877,0.572
27,3,59,1,0,12.04.17,0.1598,0.325,0.508
27,3,60,3,0,12.04.17,0.1544,0.2814,0.451
27,3,62,6,0,12.04.17,0.1377,0.2848,0.516
27,3,63,3,0,12.04.17,0.1711,0.3074,0.443
27,3,65,6,0,12.04.17,0.1113,0.2588,0.57
27,3,73,5,0,12.04.17,0.1176,0.2328,0.495
27,3,78,1,0,12.04.17,0.1353,0.2735,0.505
27,3,79,3,0,12.04.17,0.1377,0.2912,0.527
27,3,82,4,0,12.04.17,0.1358,0.301,0.549
27,3,83,4,0,12.04.17,0.1284,0.2902,0.557
27,3,84,5,0,12.04.17,0.1863,0.3549,0.475
27,3,88,1,0,12.04.17,0.1088,0.2108,0.484
27,3,90,5,0,12.04.17,0.1299,0.2554,0.491
27,3,92,1,0,12.04.17,0.1221,0.252,0.516
27,3,96,2,0,12.04.17,0.1775,0.3554,0.501
28,1,8,15,0,12.04.17,0.1358,0.2132,0.363
28,1,15,15,0,12.04.17,0.1304,0.2608,0.5
28,1,18,14,0,12.04.17,0.1319,0.2358,0.441
28,1,19,18,0,12.04.17,0.1618,0.2814,0.425
28,1,20,12,0,12.04.17,0.1275,0.2784,0.542
28,1,27,17,0,12.04.17,0.1475,0.2142,0.311
28,1,34,13,0,12.04.17,0.1451,0.2113,0.313
28,1,37,17,0,12.04.17,0.1549,0.2691,0.424
28,1,43,16,0,12.04.17,0.1706,0.2569,0.336
28,1,46,18,0,12.04.17,0.1426,0.2436,0.414
28,1,49,14,0,12.04.17,0.1235,0.2221,0.444
28,1,68,19,0,12.04.17,0.1358,0.2025,0.329
28,1,71,13,0,12.04.17,0.1343,0.201,0.332
28,1,85,13,0,12.04.17,0.1387,0.2314,0.4
28,1,91,18,0,12.04.17,0.1343,0.2319,0.421
28,1,109,12,0,12.04.17,0.1265,0.2887,0.562
28,1,111,16,0,12.04.17,0.1431,0.225,0.364
28,1,112,13,0,12.04.17,0.1304,0.1902,0.314
28,1,114,17,0,12.04.17,0.1789,0.3054,0.414
28,1,124,17,0,12.04.17,0.1461,0.2172,0.327
28,1,125,12,0,12.04.17,0.1304,0.276,0.528
28,1,126,15,0,12.04.17,0.1191,0.2284,0.479
28,1,129,18,0,12.04.17,0.1828,0.3167,0.423
28,1,130,15,0,12.04.17,0.1265,0.199,0.365
28,1,132,12,0,12.04.17,0.1451,0.3564,0.593
28,1,133,14,0,12.04.17,0.1338,0.2338,0.428
28,1,134,16,0,12.04.17,0.1328,0.1848,0.281
28,1,135,14,0,12.04.17,0.1304,0.2456,0.469
28,1,137,13,0,12.04.17,0.102,0.1755,0.419
28,1,187,19,0,12.04.17,0.1358,0.2069,0.344
28,1,196,20,0,12.04.17,0.1446,0.2181,0.337
29,2,2,26,0,12.04.17,0.1539,0.2819,0.454
29,2,4,23,0,12.04.17,0.1294,0.2373,0.455
29,2,5,27,0,12.04.17,0.1245,0.2858,0.564
29,2,6,24,0,12.04.17,0.1328,0.2941,0.548
29,2,10,22,0,12.04.17,0.1652,0.3353,0.507
29,2,14,22,0,12.04.17,0.1686,0.3534,0.523
29,2,22,26,0,12.04.17,0.1534,0.3191,0.519
29,2,23,21,0,12.04.17,0.1353,0.2882,0.531
29,2,24,27,0,12.04.17,0.1466,0.2838,0.484
29,2,25,26,0,12.04.17,0.1436,0.2848,0.496
29,2,32,26,0,12.04.17,0.1637,0.3446,0.525
29,2,33,22,0,12.04.17,0.1363,0.2961,0.54
29,2,38,21,0,12.04.17,0.1338,0.2877,0.535
29,2,39,22,0,12.04.17,0.1358,0.3039,0.553
29,2,41,27,0,12.04.17,0.1441,0.2627,0.451
29,2,45,24,0,12.04.17,0.1446,0.2926,0.506
29,2,48,23,0,12.04.17,0.1294,0.2657,0.513
29,2,52,23,0,12.04.17,0.1657,0.3054,0.457
29,2,53,22,0,12.04.17,0.148,0.298,0.503
29,2,54,21,0,12.04.17,0.1407,0.2554,0.449
29,2,66,25,0,12.04.17,0.1328,0.2961,0.551
29,2,69,25,0,12.04.17,0.1549,0.2922,0.47
29,2,70,24,0,12.04.17,0.125,0.2716,0.54
29,2,75,24,0,12.04.17,0.1686,0.3539,0.524
29,2,80,25,0,12.04.17,0.1358,0.3064,0.557
29,2,81,25,0,12.04.17,0.1279,0.2466,0.481
29,2,87,21,0,12.04.17,0.1343,0.2574,0.478
29,2,89,26,0,12.04.17,0.1446,0.2833,0.49
29,2,93,27,0,12.04.17,0.1324,0.3113,0.575
29,2,95,24,0,12.04.17,0.1368,0.274,0.501
27,,88,1,1,19.04.17,0.1632,0.2662,0.387
27,,12,1,1,19.04.17,0.1667,0.3181,0.476
27,,3,1,1,19.04.17,0.1539,0.2887,0.467
27,,59,1,1,19.04.17,0.1637,0.323,0.493
27,,92,1,1,19.04.17,0.174,0.3824,0.545
27,,78,1,1,19.04.17,0.1799,0.3294,0.454
27,,11,2,1,19.04.17,0.1451,0.2946,0.507
27,,40,2,1,19.04.17,0.1696,0.3059,0.446
27,,57,2,1,19.04.17,0.1794,0.2966,0.395
27,,96,2,1,19.04.17,0.1377,0.2637,0.478
27,,60,3,1,19.04.17,0.1632,0.2627,0.379
27,,63,3,1,19.04.17,0.1686,0.3172,0.468
27,,79,3,1,19.04.17,0.1637,0.2971,0.449
27,,83,4,1,19.04.17,0.1338,0.2495,0.464
27,,82,4,1,19.04.17,0.1363,0.251,0.457
27,,28,4,1,19.04.17,0.1603,0.2578,0.378
27,,29,4,1,19.04.17,0.1843,0.3265,0.435
27,,73,5,1,19.04.17,0.1284,0.2495,0.485
27,,90,5,1,19.04.17,0.1657,0.2765,0.401
27,,84,5,1,19.04.17,0.1627,0.2662,0.389
27,,35,5,1,19.04.17,0.2025,0.3642,0.444
27,,65,6,1,19.04.17,0.1529,0.3294,0.536
27,,58,6,1,19.04.17,0.1456,0.2627,0.446
27,,62,6,1,19.04.17,0.1343,0.2632,0.49
27,,31,6,1,19.04.17,0.1569,0.2725,0.424
27,,30,6,1,19.04.17,0.1951,0.327,0.403
26,,94,7,1,19.04.17,0.1809,0.3064,0.41
26,,1,7,1,19.04.17,0.1431,0.2804,0.49
26,,16,7,1,19.04.17,0.15,0.3181,0.529
26,,9,7,1,19.04.17,0.1377,0.3142,0.562
26,,72,7,1,19.04.17,0.1897,0.2887,0.343
26,,86,8,1,19.04.17,0.1417,0.2054,0.31
26,,36,8,1,19.04.17,0.176,0.2848,0.382
26,,51,8,1,19.04.17,0.148,0.251,0.41
26,,67,8,1,19.04.17,0.1833,0.277,0.338
26,,17,9,1,19.04.17,0.1309,0.2632,0.503
26,,50,9,1,19.04.17,0.1662,0.2838,0.415
26,,61,9,1,19.04.17,0.1926,0.324,0.405
26,,76,9,1,19.04.17,0.1809,0.2961,0.389
26,,64,10,1,19.04.17,0.1515,0.2647,0.428
26,,55,10,1,19.04.17,0.1828,0.3083,0.407
26,,42,10,1,19.04.17,0.1686,0.2833,0.405
26,,44,10,1,19.04.17,0.1652,0.2672,0.382
26,,77,11,1,19.04.17,0.1706,0.2716,0.372
26,,56,11,1,19.04.17,0.1407,0.2627,0.465
26,,13,11,1,19.04.17,0.1338,0.2627,0.491
28,,125,12,1,19.04.17,0.1461,0.2304,0.366
28,,20,12,1,19.04.17,0.1451,0.2657,0.454
28,,109,12,1,19.04.17,0.1559,0.2475,0.37
28,,132,12,1,19.04.17,0.1529,0.2348,0.349
28,,112,13,1,19.04.17,0.1456,0.2181,0.333
28,,71,13,1,19.04.17,0.1324,0.2304,0.426
28,,137,13,1,19.04.17,0.1412,0.2147,0.342
28,,85,13,1,19.04.17,0.1426,0.2843,0.498
28,,34,13,1,19.04.17,0.1779,0.3431,0.481
28,,49,14,1,19.04.17,0.1314,0.2652,0.505
28,,18,14,1,19.04.17,0.1593,0.2814,0.434
28,,135,14,1,19.04.17,0.1706,0.2471,0.31
28,,133,14,1,19.04.17,0.1809,0.2662,0.32
28,,130,15,1,19.04.17,0.1456,0.2392,0.391
28,,8,15,1,19.04.17,0.1299,0.2863,0.546
28,,126,15,1,19.04.17,0.1755,0.2966,0.408
28,,15,15,1,19.04.17,0.1691,0.3422,0.506
28,,134,16,1,19.04.17,0.1475,0.2196,0.328
28,,111,16,1,19.04.17,0.1755,0.2696,0.349
28,,43,16,1,19.04.17,0.1882,0.3309,0.431
28,,37,17,1,19.04.17,0.1819,0.325,0.44
28,,114,17,1,19.04.17,0.1392,0.2176,0.36
28,,124,17,1,19.04.17,0.176,0.2608,0.325
28,,27,17,1,19.04.17,0.1725,0.3132,0.449
28,,91,18,1,19.04.17,0.1456,0.2613,0.443
28,,46,18,1,19.04.17,0.1662,0.2804,0.407
28,,19,18,1,19.04.17,0.173,0.2941,0.412
28,,129,18,1,19.04.17,0.1358,0.2044,0.336
28,,68,19,1,19.04.17,0.1505,0.2324,0.352
28,,187,19,1,19.04.17,0.1882,0.249,0.244
28,,196,19,1,19.04.17,0.1333,0.2123,0.372
29,,87,21,1,19.04.17,0.148,0.2632,0.438
29,,54,21,1,19.04.17,0.1343,0.2549,0.473
29,,23,21,1,19.04.17,0.1632,0.2799,0.417
29,,38,21,1,19.04.17,0.1613,0.3064,0.474
29,,53,22,1,19.04.17,0.1446,0.3113,0.535
29,,10,22,1,19.04.17,0.1338,0.2711,0.506
29,,33,22,1,19.04.17,0.1931,0.3637,0.469
29,,39,22,1,19.04.17,0.1441,0.2721,0.47
29,,14,22,1,19.04.17,0.174,0.3382,0.486
29,,4,23,1,19.04.17,0.1471,0.2672,0.45
29,,48,23,1,19.04.17,0.1735,0.2902,0.402
29,,52,23,1,19.04.17,0.1691,0.3583,0.528
29,,70,24,1,19.04.17,0.1701,0.3534,0.519
29,,6,24,1,19.04.17,0.1892,0.3647,0.481
29,,45,24,1,19.04.17,0.1667,0.3549,0.53
29,,95,24,1,19.04.17,0.1652,0.3672,0.55
29,,75,24,1,19.04.17,0.1828,0.3583,0.49
29,,81,25,1,19.04.17,0.1716,0.3064,0.44
29,,69,25,1,19.04.17,0.1348,0.2863,0.529
29,,80,25,1,19.04.17,0.1627,0.3647,0.554
29,,66,25,1,19.04.17,0.1466,0.3255,0.55
29,,89,26,1,19.04.17,0.1735,0.3005,0.423
29,,25,26,1,19.04.17,0.1475,0.2828,0.478
29,,22,26,1,19.04.17,0.1475,0.2652,0.444
29,,32,26,1,19.04.17,0.1676,0.3475,0.518
29,,2,26,1,19.04.17,0.1348,0.2618,0.485
29,,5,27,1,19.04.17,0.1309,0.3059,0.572
29,,93,27,1,19.04.17,0.1647,0.3083,0.466
29,,24,27,1,19.04.17,0.1819,0.3912,0.535
29,,41,27,1,19.04.17,0.1667,0.3167,0.474
27,,88,1,2,26.04.17,0.1711,0.2873,0.404
27,,12,1,2,26.04.17,0.1971,0.3985,0.506
27,,3,1,2,26.04.17,0.1681,0.3225,0.479
27,,59,1,2,26.04.17,0.1912,0.3706,0.484
27,,92,1,2,26.04.17,0.1922,0.399,0.518
27,,78,1,2,26.04.17,0.1838,0.3319,0.446
27,,11,2,2,26.04.17,0.1377,0.3025,0.545
27,,40,2,2,26.04.17,0.1824,0.3083,0.409
27,,57,2,2,26.04.17,0.1951,0.3632,0.463
27,,96,2,2,26.04.17,0.1554,0.3147,0.506
27,,60,3,2,26.04.17,0.1789,0.2951,0.394
27,,63,3,2,26.04.17,0.1765,0.325,0.457
27,,79,3,2,26.04.17,0.1784,0.3137,0.431
27,,83,4,2,26.04.17,0.1711,0.3123,0.452
27,,82,4,2,26.04.17,0.1745,0.3265,0.465
27,,28,4,2,26.04.17,0.1696,0.2985,0.432
27,,29,4,2,26.04.17,0.198,0.3794,0.478
27,,73,5,2,26.04.17,0.1407,0.2529,0.444
27,,90,5,2,26.04.17,0.1917,0.3686,0.48
27,,84,5,2,26.04.17,0.175,0.3132,0.441
27,,35,5,2,26.04.17,0.1941,0.3897,0.502
27,,65,6,2,26.04.17,0.1387,0.3319,0.582
27,,58,6,2,26.04.17,0.1784,0.3725,0.521
27,,62,6,2,26.04.17,0.1574,0.3377,0.534
27,,31,6,2,26.04.17,0.1926,0.3804,0.494
27,,30,6,2,26.04.17,0.1887,0.3583,0.473
26,,94,7,2,26.04.17,0.1637,0.3505,0.533
26,,1,7,2,26.04.17,0.1343,0.3402,0.605
26,,16,7,2,26.04.17,0.1618,0.4304,0.624
26,,9,7,2,26.04.17,0.1299,0.3593,0.638
26,,72,7,2,26.04.17,0.199,0.3784,0.474
26,,86,8,2,26.04.17,0.1426,0.1941,0.265
26,,36,8,2,26.04.17,0.1828,0.2853,0.359
26,,51,8,2,26.04.17,0.1608,0.2284,0.296
26,,67,8,2,26.04.17,0.1642,0.2657,0.382
26,,17,9,2,26.04.17,0.1588,0.2799,0.433
26,,50,9,2,26.04.17,0.1667,0.2662,0.374
26,,61,9,2,26.04.17,0.1897,0.2819,0.327
26,,76,9,2,26.04.17,0.1828,0.2667,0.314
26,,64,10,2,26.04.17,0.1975,0.2975,0.336
26,,55,10,2,26.04.17,0.1691,0.2701,0.374
26,,42,10,2,26.04.17,0.1775,0.2735,0.351
26,,44,10,2,26.04.17,0.1887,0.2804,0.327
26,,77,11,2,26.04.17,0.1868,0.3147,0.407
26,,56,11,2,26.04.17,0.1956,0.2902,0.326
26,,13,11,2,26.04.17,0.1662,0.2907,0.428
28,,125,12,2,26.04.17,0.1824,0.2833,0.356
28,,20,12,2,26.04.17,0.174,0.3255,0.465
28,,109,12,2,26.04.17,0.1784,0.2809,0.365
28,,132,12,2,26.04.17,0.1814,0.2843,0.362
28,,112,13,2,26.04.17,0.1466,0.2206,0.336
28,,71,13,2,26.04.17,0.1436,0.2436,0.41
28,,137,13,2,26.04.17,0.1539,0.2275,0.323
28,,85,13,2,26.04.17,0.148,0.2652,0.442
28,,34,13,2,26.04.17,0.1833,0.3392,0.46
28,,49,14,2,26.04.17,0.1544,0.2706,0.429
28,,18,14,2,26.04.17,0.1392,0.2608,0.466
28,,135,14,2,26.04.17,0.1593,0.2353,0.323
28,,133,14,2,26.04.17,0.1897,0.2882,0.342
28,,130,15,2,26.04.17,0.1623,0.2564,0.367
28,,8,15,2,26.04.17,0.1343,0.3088,0.565
28,,126,15,2,26.04.17,0.2015,0.3265,0.383
28,,15,15,2,26.04.17,0.1775,0.3309,0.464
28,,134,16,2,26.04.17,0.1951,0.3333,0.415
28,,111,16,2,26.04.17,0.1608,0.2495,0.356
28,,43,16,2,26.04.17,0.199,0.2917,0.318
28,,37,17,2,26.04.17,0.1892,0.3608,0.476
28,,114,17,2,26.04.17,0.1525,0.2304,0.338
28,,124,17,2,26.04.17,0.174,0.275,0.367
28,,27,17,2,26.04.17,0.1765,0.3172,0.444
28,,91,18,2,26.04.17,0.1466,0.2564,0.428
28,,46,18,2,26.04.17,0.1863,0.298,0.375
28,,19,18,2,26.04.17,0.1917,0.3113,0.384
28,,129,18,2,26.04.17,0.1676,0.252,0.335
28,,68,19,2,26.04.17,0.1613,0.2539,0.365
28,,187,19,2,26.04.17,0.1941,0.2637,0.264
28,,196,19,2,26.04.17,0.1691,0.2814,0.399
29,,87,21,2,26.04.17,0.1387,0.2358,0.412
29,,54,21,2,26.04.17,0.1446,0.2637,0.452
29,,23,21,2,26.04.17,0.1775,0.2902,0.389
29,,38,21,2,26.04.17,0.177,0.3167,0.441
29,,53,22,2,26.04.17,0.1672,0.3642,0.541
29,,10,22,2,26.04.17,0.1338,0.2676,0.5
29,,33,22,2,26.04.17,0.2015,0.377,0.466
29,,39,22,2,26.04.17,0.1725,0.3113,0.446
29,,14,22,2,26.04.17,0.1632,0.3235,0.495
29,,4,23,2,26.04.17,0.1608,0.2853,0.436
29,,48,23,2,26.04.17,0.1975,0.3348,0.41
29,,52,23,2,26.04.17,0.1985,0.3941,0.496
29,,70,24,2,26.04.17,0.1706,0.3407,0.499
29,,6,24,2,26.04.17,0.1853,0.3289,0.437
29,,45,24,2,26.04.17,0.1936,0.3828,0.494
29,,95,24,2,26.04.17,0.1676,0.3691,0.546
29,,75,24,2,26.04.17,0.1765,0.3343,0.472
29,,81,25,2,26.04.17,0.1789,0.3377,0.47
29,,69,25,2,26.04.17,0.1544,0.324,0.523
29,,80,25,2,26.04.17,0.1858,0.4069,0.543
29,,66,25,2,26.04.17,0.1873,0.3897,0.519
29,,89,26,2,26.04.17,0.1941,0.3515,0.448
29,,25,26,2,26.04.17,0.1603,0.3554,0.549
29,,22,26,2,26.04.17,0.1637,0.3044,0.462
29,,32,26,2,26.04.17,0.1917,0.4206,0.544
29,,2,26,2,26.04.17,0.1505,0.298,0.495
29,,5,27,2,26.04.17,0.1441,0.326,0.558
29,,93,27,2,26.04.17,0.1745,0.3417,0.489
29,,24,27,2,26.04.17,0.1995,0.4093,0.513
29,,41,27,2,26.04.17,0.1858,0.3539,0.475
28,1,125,,3,2017-05-10,0.1946,0.2735,0.289
28,1,20,,3,2017-05-10,0.1868,0.3064,0.39
28,1,109,,3,2017-05-10,0.1853,0.2652,0.301
28,1,132,,3,2017-05-10,0.1917,0.2706,0.292
28,1,112,,3,2017-05-10,0.1436,0.2176,0.34
28,1,71,,3,2017-05-10,0.1426,0.2456,0.419
28,1,137,,3,2017-05-10,0.1652,0.249,0.337
28,1,85,,3,2017-05-10,0.1544,0.2696,0.427
28,1,34,,3,2017-05-10,0.1931,0.3461,0.442
28,1,49,,3,2017-05-10,0.1824,0.3167,0.424
28,1,18,,3,2017-05-10,0.1564,0.2961,0.472
28,1,135,,3,2017-05-10,0.1775,0.2716,0.347
28,1,133,,3,2017-05-10,0.1784,0.2652,0.327
28,1,130,,3,2017-05-10,0.1667,0.2441,0.317
28,1,8,,3,2017-05-10,0.151,0.3157,0.522
28,1,126,,3,2017-05-10,0.1936,0.2936,0.341
28,1,15,,3,2017-05-10,0.1784,0.3074,0.419
28,1,134,,3,2017-05-10,0.1745,0.2397,0.272
28,1,111,,3,2017-05-10,0.1995,0.2858,0.302
28,1,43,,3,2017-05-10,0.1975,0.326,0.394
28,1,37,,3,2017-05-10,0.1907,0.3069,0.379
28,1,114,,3,2017-05-10,0.1382,0.2132,0.352
28,1,124,,3,2017-05-10,0.1613,0.2387,0.324
28,1,27,,3,2017-05-10,0.1637,0.3152,0.481
28,1,91,,3,2017-05-10,0.1348,0.2402,0.439
28,1,46,,3,2017-05-10,0.1897,0.2975,0.362
28,1,19,,3,2017-05-10,0.1804,0.2799,0.356
28,1,129,,3,2017-05-10,0.1637,0.2382,0.313
28,1,68,,3,2017-05-10,0.1647,0.2456,0.329
28,1,187,,3,2017-05-10,0.201,0.2676,0.249
28,1,196,,3,2017-05-10,0.1931,0.3348,0.423
27,3,88,,3,2017-05-10,0.1853,0.2529,0.267
27,3,12,,3,2017-05-10,0.1819,0.3588,0.493
27,3,3,,3,2017-05-10,0.1696,0.2882,0.412
27,3,59,,3,2017-05-10,0.1887,0.3225,0.415
27,3,92,,3,2017-05-10,0.1951,0.3819,0.489
27,3,78,,3,2017-05-10,0.1735,0.2618,0.337
27,3,11,,3,2017-05-10,0.1446,0.3029,0.523
27,3,40,,3,2017-05-10,0.1716,0.2765,0.379
27,3,57,,3,2017-05-10,0.1985,0.351,0.434
27,3,96,,3,2017-05-10,0.1431,0.277,0.483
27,3,60,,3,2017-05-10,0.1828,0.2627,0.304
27,3,63,,3,2017-05-10,0.1755,0.2657,0.339
27,3,79,,3,2017-05-10,0.1975,0.3,0.342
27,3,83,,3,2017-05-10,0.1721,0.2706,0.364
27,3,82,,3,2017-05-10,0.1652,0.2931,0.436
27,3,28,,3,2017-05-10,0.1667,0.2676,0.377
27,3,29,,3,2017-05-10,0.1877,0.323,0.419
27,3,73,,3,2017-05-10,0.151,0.2333,0.353
27,3,90,,3,2017-05-10,0.1843,0.3088,0.403
27,3,84,,3,2017-05-10,0.1686,0.2583,0.347
27,3,35,,3,2017-05-10,0.1931,0.3255,0.407
27,3,65,,3,2017-05-10,0.1466,0.325,0.549
27,3,58,,3,2017-05-10,0.1873,0.3642,0.486
27,3,62,,3,2017-05-10,0.1544,0.2956,0.478
27,3,31,,3,2017-05-10,0.1858,0.3328,0.442
27,3,30,,3,2017-05-10,0.1971,0.3471,0.432
26,4,94,,3,2017-05-10,0.1495,0.202,0.26
26,4,1,,3,2017-05-10,0.1392,0.2069,0.327
26,4,16,,3,2017-05-10,0.1485,0.227,0.346
26,4,9,,3,2017-05-10,0.1353,0.223,0.393
26,4,72,,3,2017-05-10,0.1941,0.2324,0.165
26,4,36,,3,2017-05-10,0.1985,0.2662,0.254
26,4,51,,3,2017-05-10,0.1613,0.2221,0.274
26,4,67,,3,2017-05-10,0.1838,0.2201,0.165
26,4,17,,3,2017-05-10,0.1539,0.2294,0.329
26,4,50,,3,2017-05-10,0.1613,0.2275,0.291
26,4,61,,3,2017-05-10,0.2,0.2681,0.254
26,4,76,,3,2017-05-10,0.1809,0.2255,0.198
26,4,64,,3,2017-05-10,0.1956,0.273,0.284
26,4,55,,3,2017-05-10,0.1564,0.2466,0.366
26,4,42,,3,2017-05-10,0.177,0.2623,0.325
26,4,44,,3,2017-05-10,0.1961,0.2779,0.295
26,4,77,,3,2017-05-10,0.1642,0.2382,0.311
26,4,56,,3,2017-05-10,0.1863,0.2436,0.235
26,4,13,,3,2017-05-10,0.1544,0.2275,0.321
29,2,87,,3,2017-05-10,0.1407,0.2083,0.325
29,2,54,,3,2017-05-10,0.1588,0.2613,0.392
29,2,23,,3,2017-05-10,0.176,0.2564,0.314
29,2,38,,3,2017-05-10,0.1946,0.3054,0.363
29,2,53,,3,2017-05-10,0.1539,0.2912,0.471
29,2,10,,3,2017-05-10,0.1422,0.2583,0.45
29,2,33,,3,2017-05-10,0.199,0.3436,0.421
29,2,39,,3,2017-05-10,0.152,0.2426,0.374
29,2,14,,3,2017-05-10,0.1696,0.2672,0.365
29,2,4,,3,2017-05-10,0.1652,0.2461,0.329
29,2,48,,3,2017-05-10,0.1882,0.2721,0.308
29,2,52,,3,2017-05-10,0.1931,0.3358,0.425
29,2,70,,3,2017-05-10,0.1696,0.2838,0.402
29,2,6,,3,2017-05-10,0.1868,0.2868,0.349
29,2,45,,3,2017-05-10,0.2,0.3275,0.389
29,2,95,,3,2017-05-10,0.1456,0.2907,0.499
29,2,75,,3,2017-05-10,0.1735,0.3074,0.435
29,2,81,,3,2017-05-10,0.1882,0.3127,0.398
29,2,69,,3,2017-05-10,0.1745,0.3343,0.478
29,2,80,,3,2017-05-10,0.199,0.4088,0.513
29,2,66,,3,2017-05-10,0.1721,0.3176,0.458
29,2,89,,3,2017-05-10,0.1735,0.2652,0.346
29,2,25,,3,2017-05-10,0.1696,0.2975,0.43
29,2,22,,3,2017-05-10,0.1554,0.2461,0.369
29,2,32,,3,2017-05-10,0.1951,0.3412,0.428
29,2,2,,3,2017-05-10,0.1417,0.2392,0.408
29,2,5,,3,2017-05-10,0.1343,0.2922,0.54
29,2,93,,3,2017-05-10,0.1578,0.3132,0.496
29,2,24,,3,2017-05-10,0.1971,0.352,0.44
29,2,41,,3,2017-05-10,0.1642,0.2667,0.384
27,3,88,,4,2017-05-17,0.1824,0.2255,0.191
27,3,12,,4,2017-05-17,0.1721,0.3083,0.442
27,3,3,,4,2017-05-17,0.1647,0.274,0.399
27,3,59,,4,2017-05-17,0.1784,0.2598,0.313
27,3,92,,4,2017-05-17,0.1975,0.348,0.432
27,3,78,,4,2017-05-17,0.1892,0.2583,0.268
27,3,11,,4,2017-05-17,0.151,0.2907,0.481
27,3,40,,4,2017-05-17,0.1882,0.2971,0.366
27,3,57,,4,2017-05-17,0.224,0.3456,0.352
27,3,96,,4,2017-05-17,0.1676,0.2926,0.427
27,3,60,,4,2017-05-17,0.1603,0.2221,0.278
27,3,63,,4,2017-05-17,0.1525,0.2074,0.265
27,3,79,,4,2017-05-17,0.1691,0.2422,0.302
27,3,83,,4,2017-05-17,0.1534,0.223,0.312
27,3,82,,4,2017-05-17,0.1603,0.2784,0.424
27,3,28,,4,2017-05-17,0.1578,0.249,0.366
27,3,29,,4,2017-05-17,0.1843,0.3044,0.395
27,3,73,,4,2017-05-17,0.1422,0.1956,0.273
27,3,90,,4,2017-05-17,0.1912,0.3005,0.364
27,3,84,,4,2017-05-17,0.1647,0.2574,0.36
27,3,35,,4,2017-05-17,0.1946,0.3157,0.384
27,3,65,,4,2017-05-17,0.1505,0.3093,0.513
27,3,58,,4,2017-05-17,0.1775,0.3353,0.471
27,3,62,,4,2017-05-17,0.1618,0.3039,0.468
27,3,31,,4,2017-05-17,0.1887,0.3265,0.422
27,3,30,,4,2017-05-17,0.1971,0.3338,0.41
26,4,94,,4,2017-05-17,0.1863,0.2446,0.238
26,4,1,,4,2017-05-17,0.1436,0.2015,0.287
26,4,16,,4,2017-05-17,0.1667,0.224,0.256
26,4,9,,4,2017-05-17,0.1451,0.2172,0.332
26,4,72,,4,2017-05-17,0.1912,0.2294,0.167
26,4,36,,4,2017-05-17,0.1882,0.252,0.253
26,4,51,,4,2017-05-17,0.1441,0.2025,0.288
26,4,67,,4,2017-05-17,0.1676,0.1985,0.156
26,4,17,,4,2017-05-17,0.1701,0.2373,0.283
26,4,50,,4,2017-05-17,0.1466,0.2132,0.313
26,4,61,,4,2017-05-17,0.1926,0.2485,0.225
26,4,76,,4,2017-05-17,0.1926,0.2324,0.171
26,4,64,,4,2017-05-17,0.1892,0.2559,0.261
26,4,55,,4,2017-05-17,0.1471,0.2147,0.315
26,4,42,,4,2017-05-17,0.1667,0.2343,0.289
26,4,44,,4,2017-05-17,0.1824,0.2456,0.257
26,4,77,,4,2017-05-17,0.1819,0.2471,0.264
26,4,56,,4,2017-05-17,0.1897,0.2328,0.185
26,4,13,,4,2017-05-17,0.1716,0.2304,0.255
28,1,125,,4,2017-05-17,0.1475,0.2216,0.334
28,1,20,,4,2017-05-17,0.1289,0.2211,0.417
28,1,109,,4,2017-05-17,0.1407,0.2069,0.32
28,1,132,,4,2017-05-17,0.1397,0.2201,0.365
28,1,112,,4,2017-05-17,0.1588,0.2706,0.413
28,1,71,,4,2017-05-17,0.1466,0.2725,0.462
28,1,137,,4,2017-05-17,0.1515,0.273,0.445
28,1,85,,4,2017-05-17,0.1578,0.2828,0.442
28,1,34,,4,2017-05-17,0.1931,0.3554,0.457
28,1,49,,4,2017-05-17,0.1574,0.2843,0.447
28,1,18,,4,2017-05-17,0.1446,0.2804,0.484
28,1,135,,4,2017-05-17,0.1721,0.3015,0.429
28,1,133,,4,2017-05-17,0.176,0.3029,0.419
28,1,130,,4,2017-05-17,0.1765,0.2721,0.351
28,1,8,,4,2017-05-17,0.1618,0.3564,0.546
28,1,126,,4,2017-05-17,0.1926,0.3093,0.377
28,1,15,,4,2017-05-17,0.1868,0.3407,0.452
28,1,134,,4,2017-05-17,0.151,0.2309,0.346
28,1,111,,4,2017-05-17,0.1716,0.2833,0.394
28,1,43,,4,2017-05-17,0.1716,0.2966,0.421
28,1,37,,4,2017-05-17,0.1995,0.3422,0.417
28,1,114,,4,2017-05-17,0.1436,0.2667,0.461
28,1,124,,4,2017-05-17,0.1843,0.3005,0.387
28,1,27,,4,2017-05-17,0.1779,0.3721,0.522
28,1,91,,4,2017-05-17,0.1412,0.2647,0.467
28,1,46,,4,2017-05-17,0.1873,0.3029,0.382
28,1,19,,4,2017-05-17,0.1691,0.2725,0.379
28,1,129,,4,2017-05-17,0.1627,0.2485,0.345
28,1,68,,4,2017-05-17,0.1721,0.2475,0.305
28,1,187,,4,2017-05-17,0.1961,0.2784,0.296
28,1,196,,4,2017-05-17,0.1721,0.2475,0.305
29,2,87,,4,2017-05-17,0.1431,0.2054,0.303
29,2,54,,4,2017-05-17,0.1725,0.2971,0.419
29,2,23,,4,2017-05-17,0.1784,0.2838,0.371
29,2,38,,4,2017-05-17,0.1995,0.3353,0.405
29,2,53,,4,2017-05-17,0.1863,0.3466,0.463
29,2,10,,4,2017-05-17,0.1456,0.275,0.471
29,2,33,,4,2017-05-17,0.1936,0.3373,0.426
29,2,39,,4,2017-05-17,0.1632,0.2681,0.391
29,2,14,,4,2017-05-17,0.1422,0.2358,0.397
29,2,4,,4,2017-05-17,0.15,0.2088,0.282
29,2,48,,4,2017-05-17,0.1721,0.249,0.309
29,2,52,,4,2017-05-17,0.1917,0.3343,0.427
29,2,70,,4,2017-05-17,0.1745,0.2897,0.398
29,2,6,,4,2017-05-17,0.1632,0.2691,0.393
29,2,45,,4,2017-05-17,0.1838,0.2961,0.379
29,2,95,,4,2017-05-17,0.1549,0.3,0.484
29,2,75,,4,2017-05-17,0.1946,0.3505,0.445
29,2,81,,4,2017-05-17,0.1549,0.2387,0.351
29,2,69,,4,2017-05-17,0.1554,0.2814,0.448
29,2,80,,4,2017-05-17,0.1652,0.3069,0.462
29,2,66,,4,2017-05-17,0.1691,0.3088,0.452
29,2,89,,4,2017-05-17,0.1819,0.3059,0.405
29,2,25,,4,2017-05-17,0.1603,0.2922,0.451
29,2,22,,4,2017-05-17,0.1613,0.2716,0.406
29,2,32,,4,2017-05-17,0.2005,0.3657,0.452
29,2,2,,4,2017-05-17,0.1456,0.2397,0.393
29,2,5,,4,2017-05-17,0.148,0.3069,0.518
29,2,93,,4,2017-05-17,0.1711,0.3377,0.493
29,2,24,,4,2017-05-17,0.1975,0.3691,0.465
29,2,41,,4,2017-05-17,0.177,0.2686,0.341
27,3,88,,5,2017-05-24,0.1833,0.2324,0.211
27,3,12,,5,2017-05-24,0.1853,0.3618,0.488
27,3,3,,5,2017-05-24,0.1422,0.2392,0.406
27,3,59,,5,2017-05-24,0.1966,0.2951,0.334
27,3,92,,5,2017-05-24,0.1961,0.3686,0.468
27,3,78,,5,2017-05-24,0.1696,0.2608,0.35
27,3,11,,5,2017-05-24,0.1373,0.2789,0.508
27,3,40,,5,2017-05-24,0.1544,0.2662,0.42
27,3,57,,5,2017-05-24,0.1917,0.3127,0.387
27,3,96,,5,2017-05-24,0.1304,0.2392,0.455
27,3,60,,5,2017-05-24,0.173,0.2422,0.285
27,3,63,,5,2017-05-24,0.1721,0.2373,0.275
27,3,79,,5,2017-05-24,0.1828,0.2681,0.318
27,3,83,,5,2017-05-24,0.1735,0.2848,0.391
27,3,82,,5,2017-05-24,0.1475,0.2824,0.477
27,3,28,,5,2017-05-24,0.1779,0.2941,0.395
27,3,29,,5,2017-05-24,0.1637,0.2838,0.423
27,3,73,,5,2017-05-24,0.1446,0.1966,0.264
27,3,90,,5,2017-05-24,0.1907,0.3206,0.405
27,3,84,,5,2017-05-24,0.1765,0.3029,0.417
27,3,35,,5,2017-05-24,0.1824,0.298,0.388
27,3,65,,5,2017-05-24,0.1397,0.3044,0.541
27,3,58,,5,2017-05-24,0.1794,0.3779,0.525
27,3,62,,5,2017-05-24,0.1681,0.3275,0.487
27,3,31,,5,2017-05-24,0.1676,0.3044,0.449
27,3,30,,5,2017-05-24,0.1892,0.3319,0.43
26,4,94,,5,2017-05-24,0.1882,0.2544,0.26
26,4,1,,5,2017-05-24,0.1745,0.2632,0.337
26,4,16,,5,2017-05-24,0.1868,0.2652,0.296
26,4,9,,5,2017-05-24,0.1623,0.2637,0.385
26,4,72,,5,2017-05-24,0.2049,0.2608,0.214
26,4,36,,5,2017-05-24,0.1833,0.2819,0.35
26,4,51,,5,2017-05-24,0.1451,0.2402,0.396
26,4,67,,5,2017-05-24,0.1608,0.2118,0.241
26,4,17,,5,2017-05-24,0.1608,0.2407,0.332
26,4,50,,5,2017-05-24,0.1475,0.2294,0.357
26,4,61,,5,2017-05-24,0.1897,0.2603,0.271
26,4,76,,5,2017-05-24,0.1475,0.1931,0.236
26,4,64,,5,2017-05-24,0.1691,0.2338,0.277
26,4,55,,5,2017-05-24,0.1623,0.2451,0.338
26,4,42,,5,2017-05-24,0.1696,0.2407,0.295
26,4,44,,5,2017-05-24,0.1833,0.2608,0.297
26,4,77,,5,2017-05-24,0.1696,0.248,0.316
26,4,56,,5,2017-05-24,0.1946,0.2525,0.229
26,4,13,,5,2017-05-24,0.1392,0.2059,0.324
28,1,125,,5,2017-05-24,0.1407,0.2436,0.423
28,1,20,,5,2017-05-24,0.1672,0.3078,0.457
28,1,109,,5,2017-05-24,0.1848,0.2868,0.356
28,1,132,,5,2017-05-24,0.1529,0.2647,0.422
28,1,112,,5,2017-05-24,0.1417,0.2691,0.474
28,1,71,,5,2017-05-24,0.1667,0.3078,0.459
28,1,137,,5,2017-05-24,0.1676,0.3368,0.502
28,1,85,,5,2017-05-24,0.176,0.3471,0.493
28,1,34,,5,2017-05-24,0.1824,0.3373,0.459
28,1,49,,5,2017-05-24,0.177,0.3833,0.538
28,1,18,,5,2017-05-24,0.1657,0.3319,0.501
28,1,135,,5,2017-05-24,0.176,0.3426,0.486
28,1,133,,5,2017-05-24,0.1515,0.2794,0.458
28,1,130,,5,2017-05-24,0.1564,0.2446,0.361
28,1,8,,5,2017-05-24,0.1583,0.3554,0.554
28,1,126,,5,2017-05-24,0.1657,0.2828,0.414
28,1,15,,5,2017-05-24,0.1505,0.2902,0.481
28,1,134,,5,2017-05-24,0.149,0.2392,0.377
28,1,111,,5,2017-05-24,0.1613,0.299,0.461
28,1,43,,5,2017-05-24,0.1779,0.3123,0.43
28,1,37,,5,2017-05-24,0.2054,0.3681,0.442
28,1,114,,5,2017-05-24,0.1471,0.2843,0.483
28,1,124,,5,2017-05-24,0.1843,0.3328,0.446
28,1,27,,5,2017-05-24,0.1534,0.3186,0.518
28,1,91,,5,2017-05-24,0.1392,0.2912,0.522
28,1,46,,5,2017-05-24,0.1985,0.3569,0.444
28,1,19,,5,2017-05-24,0.1833,0.3309,0.446
28,1,129,,5,2017-05-24,0.1539,0.274,0.438
28,1,68,,5,2017-05-24,0.1441,0.2348,0.386
28,1,187,,5,2017-05-24,0.1868,0.3147,0.407
28,1,196,,5,2017-05-24,0.1471,0.2887,0.491
29,2,87,,5,2017-05-24,0.1603,0.2534,0.368
29,2,54,,5,2017-05-24,0.1676,0.3245,0.483
29,2,23,,5,2017-05-24,0.1917,0.3618,0.47
29,2,38,,5,2017-05-24,0.1676,0.3069,0.454
29,2,53,,5,2017-05-24,0.1515,0.3025,0.499
29,2,10,,5,2017-05-24,0.1475,0.2985,0.506
29,2,33,,5,2017-05-24,0.1902,0.3637,0.477
29,2,39,,5,2017-05-24,0.1475,0.2623,0.437
29,2,14,,5,2017-05-24,0.1343,0.2637,0.491
29,2,4,,5,2017-05-24,0.1539,0.2627,0.414
29,2,48,,5,2017-05-24,0.1853,0.3275,0.434
29,2,52,,5,2017-05-24,0.1863,0.4083,0.544
29,2,70,,5,2017-05-24,0.1559,0.3137,0.503
29,2,6,,5,2017-05-24,0.1652,0.3255,0.492
29,2,45,,5,2017-05-24,0.177,0.3588,0.507
29,2,95,,5,2017-05-24,0.1569,0.3304,0.525
29,2,75,,5,2017-05-24,0.1446,0.2897,0.501
29,2,81,,5,2017-05-24,0.1696,0.3324,0.49
29,2,69,,5,2017-05-24,0.1691,0.3623,0.533
29,2,80,,5,2017-05-24,0.1926,0.4069,0.527
29,2,66,,5,2017-05-24,0.1353,0.3132,0.568
29,2,89,,5,2017-05-24,0.1917,0.3902,0.509
29,2,25,,5,2017-05-24,0.1721,0.3686,0.533
29,2,22,,5,2017-05-24,0.1647,0.3603,0.543
29,2,32,,5,2017-05-24,0.2039,0.4446,0.541
29,2,2,,5,2017-05-24,0.1299,0.277,0.531
29,2,5,,5,2017-05-24,0.1304,0.299,0.564
29,2,93,,5,2017-05-24,0.1667,0.3696,0.549
29,2,24,,5,2017-05-24,0.1882,0.3966,0.525
29,2,41,,5,2017-05-24,0.1475,0.2647,0.443
27,3,88,,6,2017-05-31,0.1824,0.251,0.273
27,3,12,,6,2017-05-31,0.1853,0.3422,0.458
27,3,3,,6,2017-05-31,0.1382,0.2652,0.479
27,3,59,,6,2017-05-31,0.1779,0.2814,0.368
27,3,92,,6,2017-05-31,0.1995,0.3461,0.424
27,3,78,,6,2017-05-31,0.1706,0.2559,0.333
27,3,11,,6,2017-05-31,0.1343,0.2706,0.504
27,3,40,,6,2017-05-31,0.1549,0.2721,0.431
27,3,57,,6,2017-05-31,0.2025,0.3284,0.384
27,3,96,,6,2017-05-31,0.1426,0.2392,0.404
27,3,60,,6,2017-05-31,0.1765,0.2574,0.314
27,3,63,,6,2017-05-31,0.1672,0.2446,0.317
27,3,79,,6,2017-05-31,0.1691,0.251,0.326
27,3,83,,6,2017-05-31,0.175,0.2873,0.391
27,3,82,,6,2017-05-31,0.1539,0.3029,0.492
27,3,28,,6,2017-05-31,0.1696,0.2819,0.398
27,3,29,,6,2017-05-31,0.1745,0.2985,0.415
27,3,73,,6,2017-05-31,0.1456,0.1946,0.252
27,3,90,,6,2017-05-31,0.2005,0.3103,0.354
27,3,84,,6,2017-05-31,0.174,0.2946,0.409
27,3,35,,6,2017-05-31,0.1838,0.3005,0.388
27,3,65,,6,2017-05-31,0.1279,0.2672,0.521
27,3,58,,6,2017-05-31,0.1721,0.3412,0.496
27,3,62,,6,2017-05-31,0.1632,0.3181,0.487
27,3,31,,6,2017-05-31,0.2103,0.3387,0.379
27,3,30,,6,2017-05-31,0.1936,0.3162,0.388
26,4,94,,6,2017-05-31,0.1892,0.2328,0.187
26,4,1,,6,2017-05-31,0.1505,0.2088,0.279
26,4,16,,6,2017-05-31,0.1775,0.2436,0.272
26,4,9,,6,2017-05-31,0.1431,0.2083,0.313
26,4,72,,6,2017-05-31,0.1775,0.2157,0.177
26,4,36,,6,2017-05-31,0.1824,0.2426,0.248
26,4,51,,6,2017-05-31,0.1515,0.2132,0.29
26,4,67,,6,2017-05-31,0.1672,0.1941,0.139
26,4,17,,6,2017-05-31,0.1672,0.2029,0.176
26,4,50,,6,2017-05-31,0.152,0.2078,0.269
26,4,61,,6,2017-05-31,0.1848,0.227,0.186
26,4,76,,6,2017-05-31,0.1647,0.1863,0.116
26,4,64,,6,2017-05-31,0.176,0.2162,0.186
26,4,55,,6,2017-05-31,0.1794,0.226,0.206
26,4,42,,6,2017-05-31,0.1706,0.2176,0.216
26,4,44,,6,2017-05-31,0.1926,0.2392,0.195
26,4,77,,6,2017-05-31,0.1794,0.226,0.206
26,4,56,,6,2017-05-31,0.1961,0.2235,0.123
26,4,13,,6,2017-05-31,0.1461,0.1819,0.197
28,1,125,,6,2017-05-31,0.1858,0.3471,0.465
28,1,20,,6,2017-05-31,0.1701,0.323,0.473
28,1,109,,6,2017-05-31,0.1897,0.3358,0.435
28,1,132,,6,2017-05-31,0.174,0.3485,0.501
28,1,112,,6,2017-05-31,0.1333,0.2515,0.47
28,1,71,,6,2017-05-31,0.1539,0.3103,0.504
28,1,137,,6,2017-05-31,0.1539,0.3088,0.502
28,1,85,,6,2017-05-31,0.1564,0.2985,0.476
28,1,34,,6,2017-05-31,0.1922,0.3559,0.46
28,1,49,,6,2017-05-31,0.1529,0.327,0.532
28,1,18,,6,2017-05-31,0.1525,0.2985,0.489
28,1,135,,6,2017-05-31,0.1706,0.3397,0.498
28,1,133,,6,2017-05-31,0.1505,0.3015,0.501
28,1,130,,6,2017-05-31,0.149,0.2284,0.348
28,1,8,,6,2017-05-31,0.1426,0.3137,0.545
28,1,126,,6,2017-05-31,0.1613,0.2779,0.42
28,1,15,,6,2017-05-31,0.1431,0.2794,0.488
28,1,134,,6,2017-05-31,0.148,0.2466,0.4
28,1,111,,6,2017-05-31,0.1804,0.3471,0.48
28,1,43,,6,2017-05-31,0.1946,0.3348,0.419
28,1,37,,6,2017-05-31,0.1946,0.3495,0.443
28,1,114,,6,2017-05-31,0.1431,0.2858,0.499
28,1,124,,6,2017-05-31,0.173,0.3324,0.479
28,1,27,,6,2017-05-31,0.1691,0.3343,0.494
28,1,91,,6,2017-05-31,0.1495,0.3005,0.502
28,1,46,,6,2017-05-31,0.1951,0.3436,0.432
28,1,19,,6,2017-05-31,0.1794,0.3211,0.441
28,1,129,,6,2017-05-31,0.1466,0.2632,0.443
28,1,68,,6,2017-05-31,0.1627,0.2564,0.365
28,1,187,,6,2017-05-31,0.1892,0.3294,0.426
28,1,196,,6,2017-05-31,0.1824,0.3745,0.513
29,2,87,,6,2017-05-31,0.1549,0.2578,0.399
29,2,54,,6,2017-05-31,0.1657,0.3299,0.498
29,2,23,,6,2017-05-31,0.1936,0.3735,0.482
29,2,38,,6,2017-05-31,0.1873,0.3422,0.453
29,2,53,,6,2017-05-31,0.1544,0.3387,0.544
29,2,10,,6,2017-05-31,0.152,0.3113,0.512
29,2,33,,6,2017-05-31,0.1946,0.3995,0.513
29,2,39,,6,2017-05-31,0.1657,0.3152,0.474
29,2,14,,6,2017-05-31,0.1417,0.2819,0.497
29,2,4,,6,2017-05-31,0.151,0.2863,0.473
29,2,48,,6,2017-05-31,0.1848,0.3422,0.46
29,2,52,,6,2017-05-31,0.1824,0.3853,0.527
29,2,70,,6,2017-05-31,0.1623,0.3348,0.515
29,2,6,,6,2017-05-31,0.1569,0.3123,0.498
29,2,45,,6,2017-05-31,0.1956,0.3858,0.493
29,2,95,,6,2017-05-31,0.148,0.302,0.51
29,2,75,,6,2017-05-31,0.1544,0.3108,0.503
29,2,81,,6,2017-05-31,0.201,0.4255,0.528
29,2,69,,6,2017-05-31,0.1642,0.3863,0.575
29,2,80,,6,2017-05-31,0.1794,0.4034,0.555
29,2,66,,6,2017-05-31,0.148,0.3471,0.573
29,2,89,,6,2017-05-31,0.1843,0.3637,0.493
29,2,25,,6,2017-05-31,0.1681,0.3333,0.496
29,2,22,,6,2017-05-31,0.1578,0.3127,0.495
29,2,32,,6,2017-05-31,0.1902,0.3922,0.515
29,2,2,,6,2017-05-31,0.1328,0.2853,0.534
29,2,5,,6,2017-05-31,0.1485,0.3289,0.548
29,2,93,,6,2017-05-31,0.1676,0.3632,0.538
29,2,24,,6,2017-05-31,0.1946,0.3956,0.508
29,2,41,,6,2017-05-31,0.1735,0.3025,0.426
27,3,88,,7,2017-06-07,0.1505,0.2662,0.435
27,3,12,,7,2017-06-07,0.1804,0.3598,0.499
27,3,59,,7,2017-06-07,0.1647,0.3078,0.465
27,3,92,,7,2017-06-07,0.1784,0.3701,0.518
27,3,78,,7,2017-06-07,0.1578,0.2951,0.465
27,3,11,,7,2017-06-07,0.1402,0.3358,0.582
27,3,40,,7,2017-06-07,0.1525,0.3353,0.545
27,3,57,,7,2017-06-07,0.2005,0.375,0.465
27,3,96,,7,2017-06-07,0.1583,0.3093,0.488
27,3,60,,7,2017-06-07,0.149,0.2873,0.481
27,3,63,,7,2017-06-07,0.1672,0.3064,0.454
27,3,79,,7,2017-06-07,0.1877,0.3515,0.466
27,3,83,,7,2017-06-07,0.1632,0.3578,0.544
27,3,82,,7,2017-06-07,0.1676,0.3931,0.574
27,3,28,,7,2017-06-07,0.1794,0.3583,0.499
27,3,29,,7,2017-06-07,0.1882,0.3775,0.501
27,3,73,,7,2017-06-07,0.1642,0.2975,0.448
27,3,90,,7,2017-06-07,0.2176,0.3858,0.436
27,3,84,,7,2017-06-07,0.1686,0.3392,0.503
27,3,35,,7,2017-06-07,0.1789,0.3603,0.503
27,3,65,,7,2017-06-07,0.1343,0.3387,0.603
27,3,58,,7,2017-06-07,0.1603,0.3667,0.563
27,3,62,,7,2017-06-07,0.1456,0.3358,0.566
27,3,31,,7,2017-06-07,0.1887,0.3711,0.491
27,3,30,,7,2017-06-07,0.1824,0.3647,0.5
26,4,94,,7,2017-06-07,0.1672,0.2221,0.247
26,4,1,,7,2017-06-07,0.1858,0.2755,0.326
26,4,16,,7,2017-06-07,0.1868,0.276,0.323
26,4,9,,7,2017-06-07,0.152,0.2289,0.336
26,4,72,,7,2017-06-07,0.1843,0.2245,0.179
26,4,36,,7,2017-06-07,0.202,0.3127,0.354
26,4,51,,7,2017-06-07,0.1725,0.2662,0.352
26,4,67,,7,2017-06-07,0.1946,0.2554,0.238
26,4,17,,7,2017-06-07,0.1534,0.2225,0.311
26,4,50,,7,2017-06-07,0.1569,0.2333,0.328
26,4,61,,7,2017-06-07,0.1799,0.2647,0.32
26,4,76,,7,2017-06-07,0.1667,0.226,0.262
26,4,64,,7,2017-06-07,0.1701,0.2353,0.277
26,4,55,,7,2017-06-07,0.1706,0.2613,0.347
26,4,42,,7,2017-06-07,0.1613,0.2245,0.282
26,4,44,,7,2017-06-07,0.151,0.2735,0.448
26,4,77,,7,2017-06-07,0.1912,0.276,0.307
26,4,56,,7,2017-06-07,0.1961,0.2387,0.179
26,4,13,,7,2017-06-07,0.1681,0.226,0.256
28,1,125,,7,2017-06-07,0.1397,0.3034,0.54
28,1,20,,7,2017-06-07,0.1676,0.3456,0.515
28,1,109,,7,2017-06-07,0.1819,0.3627,0.499
28,1,132,,7,2017-06-07,0.1642,0.3461,0.525
28,1,112,,7,2017-06-07,0.1275,0.2642,0.518
28,1,71,,7,2017-06-07,0.1642,0.3603,0.544
28,1,137,,7,2017-06-07,0.1775,0.3833,0.537
28,1,85,,7,2017-06-07,0.1706,0.3642,0.532
28,1,34,,7,2017-06-07,0.2132,0.4309,0.505
28,1,49,,7,2017-06-07,0.1461,0.35,0.583
28,1,18,,7,2017-06-07,0.1863,0.4127,0.549
28,1,135,,7,2017-06-07,0.1833,0.3819,0.52
28,1,133,,7,2017-06-07,0.1975,0.4211,0.531
28,1,130,,7,2017-06-07,0.174,0.3216,0.459
28,1,8,,7,2017-06-07,0.1676,0.4069,0.588
28,1,126,,7,2017-06-07,0.1858,0.35,0.469
28,1,15,,7,2017-06-07,0.1828,0.3946,0.537
28,1,134,,7,2017-06-07,0.1495,0.2887,0.482
28,1,111,,7,2017-06-07,0.1848,0.4118,0.551
28,1,43,,7,2017-06-07,0.1828,0.373,0.51
28,1,37,,7,2017-06-07,0.1897,0.4054,0.532
28,1,114,,7,2017-06-07,0.1902,0.4304,0.558
28,1,124,,7,2017-06-07,0.1922,0.4196,0.542
28,1,27,,7,2017-06-07,0.1951,0.4181,0.533
28,1,91,,7,2017-06-07,0.1431,0.3387,0.577
28,1,46,,7,2017-06-07,0.1926,0.4167,0.538
28,1,19,,7,2017-06-07,0.1853,0.4,0.537
28,1,129,,7,2017-06-07,0.1588,0.3485,0.544
28,1,68,,7,2017-06-07,0.1887,0.349,0.459
28,1,187,,7,2017-06-07,0.1868,0.3799,0.508
28,1,196,,7,2017-06-07,0.1451,0.3353,0.567
29,2,87,,7,2017-06-07,0.1485,0.3074,0.517
29,2,54,,7,2017-06-07,0.1686,0.3789,0.555
29,2,23,,7,2017-06-07,0.1858,0.3951,0.53
29,2,38,,7,2017-06-07,0.1966,0.3838,0.488
29,2,53,,7,2017-06-07,0.1598,0.3745,0.573
29,2,10,,7,2017-06-07,0.1348,0.3039,0.556
29,2,33,,7,2017-06-07,0.1833,0.3971,0.538
29,2,39,,7,2017-06-07,0.148,0.3309,0.553
29,2,14,,7,2017-06-07,0.1672,0.3225,0.482
29,2,4,,7,2017-06-07,0.1534,0.3466,0.557
29,2,48,,7,2017-06-07,0.1936,0.3995,0.515
29,2,52,,7,2017-06-07,0.2029,0.4922,0.588
29,2,70,,7,2017-06-07,0.1745,0.4029,0.567
29,2,6,,7,2017-06-07,0.176,0.3873,0.546
29,2,45,,7,2017-06-07,0.1951,0.4127,0.527
29,2,95,,7,2017-06-07,0.1716,0.3725,0.539
29,2,75,,7,2017-06-07,0.1838,0.3255,0.435
29,2,89,,7,2017-06-07,0.2029,0.4235,0.521
29,2,25,,7,2017-06-07,0.201,0.4304,0.533
29,2,22,,7,2017-06-07,0.1755,0.3701,0.526
29,2,32,,7,2017-06-07,0.2172,0.477,0.545
29,2,2,,7,2017-06-07,0.1358,0.3162,0.571
29,2,5,,7,2017-06-07,0.1314,0.3328,0.605
29,2,93,,7,2017-06-07,0.1618,0.399,0.595
29,2,24,,7,2017-06-07,0.2005,0.4466,0.551
29,2,41,,7,2017-06-07,0.1451,0.3245,0.553
27,3,88,,8,2017-06-14,0.1941,0.4034,0.519
27,3,12,,8,2017-06-14,0.1784,0.3863,0.538
27,3,59,,8,2017-06-14,0.1824,0.3868,0.529
27,3,92,,8,2017-06-14,0.1681,0.3902,0.569
27,3,78,,8,2017-06-14,0.175,0.3735,0.531
27,3,11,,8,2017-06-14,0.1431,0.3701,0.613
27,3,40,,8,2017-06-14,0.1426,0.3358,0.575
27,3,57,,8,2017-06-14,0.1975,0.3819,0.483
27,3,96,,8,2017-06-14,0.1382,0.2941,0.53
27,3,60,,8,2017-06-14,0.1515,0.3167,0.522
27,3,63,,8,2017-06-14,0.152,0.2922,0.48
27,3,79,,8,2017-06-14,0.1525,0.3098,0.508
27,3,83,,8,2017-06-14,0.151,0.3431,0.56
27,3,82,,8,2017-06-14,0.1554,0.3471,0.552
27,3,28,,8,2017-06-14,0.1725,0.3569,0.516
27,3,29,,8,2017-06-14,0.1544,0.3118,0.505
27,3,73,,8,2017-06-14,0.1471,0.2838,0.482
27,3,90,,8,2017-06-14,0.1897,0.35,0.458
27,3,84,,8,2017-06-14,0.1485,0.3167,0.531
27,3,35,,8,2017-06-14,0.1657,0.3446,0.519
27,3,65,,8,2017-06-14,0.1392,0.3578,0.611
27,3,58,,8,2017-06-14,0.1765,0.401,0.56
27,3,62,,8,2017-06-14,0.1799,0.4103,0.562
27,3,31,,8,2017-06-14,0.1995,0.3902,0.489
27,3,30,,8,2017-06-14,0.1975,0.3917,0.496
26,4,94,,8,2017-06-14,0.1784,0.2824,0.368
26,4,1,,8,2017-06-14,0.1681,0.2613,0.356
26,4,16,,8,2017-06-14,0.1603,0.249,0.356
26,4,9,,8,2017-06-14,0.1554,0.2255,0.311
26,4,72,,8,2017-06-14,0.1799,0.2598,0.308
26,4,36,,8,2017-06-14,0.1946,0.3137,0.38
26,4,51,,8,2017-06-14,0.1554,0.2348,0.338
26,4,67,,8,2017-06-14,0.1696,0.2368,0.284
26,4,17,,8,2017-06-14,0.1505,0.2319,0.351
26,4,50,,8,2017-06-14,0.1603,0.2441,0.343
26,4,61,,8,2017-06-14,0.1804,0.2833,0.363
26,4,76,,8,2017-06-14,0.1588,0.2338,0.321
26,4,64,,8,2017-06-14,0.2005,0.2868,0.301
26,4,55,,8,2017-06-14,0.1539,0.2446,0.371
26,4,42,,8,2017-06-14,0.1667,0.2657,0.373
26,4,44,,8,2017-06-14,0.1422,0.2618,0.457
26,4,77,,8,2017-06-14,0.1799,0.2623,0.314
26,4,56,,8,2017-06-14,0.1912,0.2387,0.199
26,4,13,,8,2017-06-14,0.1588,0.2328,0.318
26,4,127,,8,2017-06-14,0.1618,0.2471,0.345
29,2,87,,8,2017-06-14,0.1485,0.3333,0.554
29,2,54,,8,2017-06-14,0.1564,0.3721,0.58
29,2,23,,8,2017-06-14,0.1926,0.4328,0.555
29,2,38,,8,2017-06-14,0.1853,0.374,0.505
29,2,53,,8,2017-06-14,0.151,0.3529,0.572
29,2,10,,8,2017-06-14,0.148,0.3309,0.553
29,2,33,,8,2017-06-14,0.1951,0.4103,0.524
29,2,39,,8,2017-06-14,0.1613,0.3789,0.574
29,2,14,,8,2017-06-14,0.1657,0.3172,0.478
29,2,4,,8,2017-06-14,0.1402,0.3181,0.559
29,2,48,,8,2017-06-14,0.1961,0.3902,0.497
29,2,52,,8,2017-06-14,0.1578,0.348,0.546
29,2,70,,8,2017-06-14,0.1647,0.3735,0.559
29,2,6,,8,2017-06-14,0.1559,0.3613,0.569
29,2,45,,8,2017-06-14,0.1985,0.4245,0.532
29,2,95,,8,2017-06-14,0.1588,0.3721,0.573
29,2,75,,8,2017-06-14,0.1515,0.3304,0.542
29,2,81,,8,2017-06-14,0.2005,0.4225,0.526
29,2,69,,8,2017-06-14,0.175,0.3735,0.531
29,2,80,,8,2017-06-14,0.1721,0.352,0.511
29,2,66,,8,2017-06-14,0.1853,0.3794,0.512
29,2,89,,8,2017-06-14,0.2005,0.4225,0.526
29,2,25,,8,2017-06-14,0.175,0.3735,0.531
29,2,22,,8,2017-06-14,0.1721,0.352,0.511
29,2,32,,8,2017-06-14,0.1853,0.3794,0.512
29,2,2,,8,2017-06-14,0.1397,0.3382,0.587
29,2,5,,8,2017-06-14,0.1304,0.3289,0.604
29,2,93,,8,2017-06-14,0.1515,0.3672,0.587
29,2,24,,8,2017-06-14,0.199,0.4333,0.541
29,2,41,,8,2017-06-14,0.1426,0.3338,0.573
27,3,88,,9,2017-06-21,0.1971,0.4343,0.546
27,3,12,,9,2017-06-21,0.1755,0.3721,0.528
27,3,59,,9,2017-06-21,0.1725,0.3721,0.536
27,3,92,,9,2017-06-21,0.1593,0.3745,0.575
27,3,78,,9,2017-06-21,0.1618,0.3539,0.543
27,3,11,,9,2017-06-21,0.1328,0.3211,0.586
27,3,40,,9,2017-06-21,0.1407,0.3211,0.562
27,3,57,,9,2017-06-21,0.1848,0.3417,0.459
27,3,96,,9,2017-06-21,0.1574,0.3152,0.501
27,3,60,,9,2017-06-21,0.15,0.325,0.538
27,3,63,,9,2017-06-21,0.152,0.3025,0.498
27,3,79,,9,2017-06-21,0.1588,0.3225,0.508
27,3,83,,9,2017-06-21,0.152,0.35,0.566
27,3,82,,9,2017-06-21,0.149,0.3475,0.571
27,3,28,,9,2017-06-21,0.1951,0.373,0.477
27,3,29,,9,2017-06-21,0.1814,0.3505,0.483
27,3,73,,9,2017-06-21,0.1373,0.2917,0.529
27,3,90,,9,2017-06-21,0.1985,0.3696,0.463
27,3,84,,9,2017-06-21,0.1549,0.3358,0.539
27,3,35,,9,2017-06-21,0.1877,0.3613,0.48
27,3,65,,9,2017-06-21,0.1358,0.3588,0.622
27,3,58,,9,2017-06-21,0.1436,0.323,0.555
27,3,62,,9,2017-06-21,0.1456,0.3475,0.581
27,3,31,,9,2017-06-21,0.1941,0.3647,0.468
27,3,30,,9,2017-06-21,0.1838,0.3348,0.451
26,4,94,,9,2017-06-21,0.1819,0.3206,0.433
26,4,1,,9,2017-06-21,0.1794,0.2941,0.39
26,4,16,,9,2017-06-21,0.1647,0.273,0.397
26,4,9,,9,2017-06-21,0.1588,0.2701,0.412
26,4,72,,9,2017-06-21,0.1912,0.2819,0.322
26,4,36,,9,2017-06-21,0.1544,0.274,0.436
26,4,51,,9,2017-06-21,0.1353,0.2225,0.392
26,4,67,,9,2017-06-21,0.1407,0.2118,0.336
26,4,17,,9,2017-06-21,0.1672,0.2892,0.422
26,4,50,,9,2017-06-21,0.1608,0.2623,0.387
26,4,61,,9,2017-06-21,0.1775,0.301,0.41
26,4,76,,9,2017-06-21,0.1593,0.2475,0.356
26,4,64,,9,2017-06-21,0.1765,0.2779,0.365
26,4,55,,9,2017-06-21,0.1627,0.2843,0.428
26,4,42,,9,2017-06-21,0.1686,0.2868,0.412
26,4,44,,9,2017-06-21,0.1672,0.3328,0.498
26,4,77,,9,2017-06-21,0.202,0.3216,0.372
26,4,56,,9,2017-06-21,0.1809,0.2618,0.309
26,4,13,,9,2017-06-21,0.1652,0.2544,0.351
26,4,127,,9,2017-06-21,0.1578,0.2583,0.389
29,2,87,,9,2017-06-21,0.1574,0.3578,0.56
29,2,54,,9,2017-06-21,0.1716,0.3985,0.569
29,2,23,,9,2017-06-21,0.1775,0.3794,0.532
29,2,38,,9,2017-06-21,0.1873,0.375,0.501
29,2,53,,9,2017-06-21,0.1574,0.4936,0.681
29,2,10,,9,2017-06-21,0.148,0.4574,0.676
29,2,33,,9,2017-06-21,0.1814,0.4971,0.635
29,2,39,,9,2017-06-21,0.1466,0.474,0.691
29,2,14,,9,2017-06-21,0.1618,0.4328,0.626
29,2,4,,9,2017-06-21,0.1564,0.3593,0.565
29,2,48,,9,2017-06-21,0.1701,0.3505,0.515
29,2,52,,9,2017-06-21,0.174,0.4034,0.569
29,2,70,,9,2017-06-21,0.1422,0.3387,0.58
29,2,6,,9,2017-06-21,0.1422,0.3431,0.586
29,2,45,,9,2017-06-21,0.1735,0.3583,0.516
29,2,95,,9,2017-06-21,0.1495,0.3363,0.555
29,2,75,,9,2017-06-21,0.1456,0.3137,0.536
29,2,81,,9,2017-06-21,0.1598,0.3696,0.568
29,2,69,,9,2017-06-21,0.1368,0.349,0.608
29,2,80,,9,2017-06-21,0.1613,0.3627,0.555
29,2,66,,9,2017-06-21,0.1368,0.3387,0.596
29,2,89,,9,2017-06-21,0.1966,0.3956,0.503
29,2,25,,9,2017-06-21,0.1966,0.4054,0.515
29,2,22,,9,2017-06-21,0.1799,0.3578,0.497
29,2,32,,9,2017-06-21,0.2059,0.4353,0.527
29,2,2,,9,2017-06-21,0.1456,0.3216,0.547
29,2,5,,9,2017-06-21,0.1475,0.3804,0.612
29,2,93,,9,2017-06-21,0.1515,0.3647,0.585
29,2,24,,9,2017-06-21,0.1779,0.423,0.579
29,2,41,,9,2017-06-21,0.148,0.3613,0.59
28,1,125b,,9,2017-06-21,0.1676,0.4324,0.612
28,1,20b,,9,2017-06-21,0.1358,0.324,0.581
28,1,71b,,9,2017-06-21,0.1662,0.4034,0.588
28,1,137b,,9,2017-06-21,0.1412,0.3279,0.57
28,1,114b,,9,2017-06-21,0.151,0.3559,0.576
28,1,85b,,9,2017-06-21,0.1588,0.3681,0.569
28,1,27b,,9,2017-06-21,0.1397,0.3343,0.582
28,1,34b,,9,2017-06-21,0.1451,0.3407,0.574
28,1,49b,,9,2017-06-21,0.1475,0.3495,0.578
28,1,15b,,9,2017-06-21,0.1623,0.4054,0.6
28,1,18b,,9,2017-06-21,0.1569,0.3814,0.589
28,1,196b,,9,2017-06-21,0.1686,0.3892,0.567
28,1,68b,,9,2017-06-21,0.1716,0.4029,0.574
28,1,129b,,9,2017-06-21,0.1623,0.4005,0.595
28,1,43b,,9,2017-06-21,0.1627,0.376,0.567
28,1,134b,,9,2017-06-21,0.1789,0.4088,0.562
28,1,8b,,9,2017-06-21,0.1559,0.3706,0.579
28,1,46b,,9,2017-06-21,0.1598,0.3696,0.568
28,1,91b,,9,2017-06-21,0.1588,0.3662,0.566
28,1,126b,,9,2017-06-21,0.1784,0.4181,0.573
27,3,88,,10,2017-06-28,0.1348,0.3201,0.579
27,3,12,,10,2017-06-28,0.1897,0.4093,0.537
27,3,59,,10,2017-06-28,0.1681,0.3745,0.551
27,3,92,,10,2017-06-28,0.173,0.4162,0.584
27,3,78,,10,2017-06-28,0.1309,0.2858,0.542
27,3,11,,10,2017-06-28,0.148,0.3907,0.621
27,3,40,,10,2017-06-28,0.1603,0.4123,0.611
27,3,57,,10,2017-06-28,0.1755,0.3745,0.531
27,3,96,,10,2017-06-28,0.1412,0.3216,0.561
27,3,60,,10,2017-06-28,0.1451,0.3387,0.572
27,3,63,,10,2017-06-28,0.1676,0.3647,0.54
27,3,79,,10,2017-06-28,0.1426,0.3225,0.558
27,3,83,,10,2017-06-28,0.148,0.3549,0.583
27,3,82,,10,2017-06-28,0.1706,0.3995,0.573
27,3,28,,10,2017-06-28,0.1853,0.3755,0.507
27,3,29,,10,2017-06-28,0.1971,0.4113,0.521
27,3,73,,10,2017-06-28,0.1662,0.3853,0.569
27,3,90,,10,2017-06-28,0.1912,0.3873,0.506
27,3,84,,10,2017-06-28,0.1672,0.3873,0.568
27,3,35,,10,2017-06-28,0.1725,0.3554,0.514
27,3,65,,10,2017-06-28,0.1505,0.4005,0.624
27,3,58,,10,2017-06-28,0.1647,0.3853,0.573
27,3,62,,10,2017-06-28,0.148,0.3515,0.579
27,3,31,,10,2017-06-28,0.1804,0.3765,0.521
27,3,30,,10,2017-06-28,0.1642,0.3348,0.51
26,4,94,,10,2017-06-28,0.1686,0.3152,0.465
26,4,1,,10,2017-06-28,0.1995,0.3392,0.412
26,4,16,,10,2017-06-28,0.1789,0.3093,0.422
26,4,9,,10,2017-06-28,0.1627,0.2907,0.44
26,4,72,,10,2017-06-28,0.1775,0.2686,0.339
26,4,36,,10,2017-06-28,0.1946,0.349,0.442
26,4,51,,10,2017-06-28,0.1632,0.2706,0.397
26,4,67,,10,2017-06-28,0.1554,0.2422,0.358
26,4,17,,10,2017-06-28,0.1672,0.2848,0.413
26,4,50,,10,2017-06-28,0.1632,0.2828,0.423
26,4,61,,10,2017-06-28,0.198,0.3324,0.404
26,4,76,,10,2017-06-28,0.1593,0.2588,0.384
26,4,64,,10,2017-06-28,0.1667,0.2912,0.428
26,4,55,,10,2017-06-28,0.1686,0.3299,0.489
26,4,42,,10,2017-06-28,0.1725,0.3181,0.458
26,4,44,,10,2017-06-28,0.1549,0.3172,0.512
26,4,77,,10,2017-06-28,0.1804,0.3279,0.45
26,4,56,,10,2017-06-28,0.1833,0.3147,0.417
26,4,13,,10,2017-06-28,0.1725,0.2956,0.416
26,4,127,,10,2017-06-28,0.1525,0.302,0.495
29,2,87,,10,2017-06-28,0.1402,0.324,0.567
29,2,54,,10,2017-06-28,0.1549,0.374,0.586
29,2,23,,10,2017-06-28,0.1794,0.3961,0.547
29,2,38,,10,2017-06-28,0.1578,0.3152,0.499
29,2,53,,10,2017-06-28,0.1564,0.3775,0.586
29,2,10,,10,2017-06-28,0.1426,0.3392,0.579
29,2,33,,10,2017-06-28,0.1868,0.3941,0.526
29,2,39,,10,2017-06-28,0.1422,0.3534,0.598
29,2,14,,10,2017-06-28,0.1363,0.2706,0.496
29,2,4,,10,2017-06-28,0.1426,0.3402,0.581
29,2,48,,10,2017-06-28,0.1716,0.3706,0.537
29,2,52,,10,2017-06-28,0.1637,0.4176,0.608
29,2,70,,10,2017-06-28,0.1525,0.3868,0.606
29,2,6,,10,2017-06-28,0.1549,0.3843,0.597
29,2,45,,10,2017-06-28,0.1676,0.3887,0.569
29,2,95,,10,2017-06-28,0.1417,0.3431,0.587
29,2,75,,10,2017-06-28,0.1515,0.3544,0.573
29,2,81,,10,2017-06-28,0.1877,0.4466,0.58
29,2,69,,10,2017-06-28,0.148,0.4059,0.635
29,2,80,,10,2017-06-28,0.176,0.4319,0.593
29,2,66,,10,2017-06-28,0.1353,0.352,0.616
29,2,89,,10,2017-06-28,0.1554,0.3466,0.552
29,2,25,,10,2017-06-28,0.1873,0.425,0.559
29,2,22,,10,2017-06-28,0.1569,0.3495,0.551
29,2,32,,10,2017-06-28,0.1873,0.4245,0.559
29,2,2,,10,2017-06-28,0.1377,0.3397,0.595
29,2,5,,10,2017-06-28,0.1495,0.3529,0.576
29,2,93,,10,2017-06-28,0.1529,0.3225,0.526
29,2,24,,10,2017-06-28,0.1843,0.3721,0.505
29,2,41,,10,2017-06-28,0.1392,0.3098,0.551
28,1,125b,,10,2017-06-28,0.1549,0.398,0.611
28,1,20b,,10,2017-06-28,0.15,0.3725,0.597
28,1,71b,,10,2017-06-28,0.1534,0.3755,0.591
28,1,137b,,10,2017-06-28,0.1373,0.327,0.58
28,1,114b,,10,2017-06-28,0.1564,0.3775,0.586
28,1,85b,,10,2017-06-28,0.1897,0.4735,0.599
28,1,27b,,10,2017-06-28,0.176,0.4348,0.595
28,1,34b,,10,2017-06-28,0.1868,0.477,0.608
28,1,49b,,10,2017-06-28,0.1804,0.4515,0.6
28,1,15b,,10,2017-06-28,0.2005,0.4931,0.593
28,1,18b,,10,2017-06-28,0.1569,0.3784,0.585
28,1,196b,,10,2017-06-28,0.15,0.3608,0.584
28,1,68b,,10,2017-06-28,0.1564,0.3985,0.608
28,1,129b,,10,2017-06-28,0.1436,0.3618,0.603
28,1,43b,,10,2017-06-28,0.1436,0.3485,0.588
28,1,8b,,10,2017-06-28,0.1946,0.501,0.612
28,1,46b,,10,2017-06-28,0.1564,0.3858,0.595
28,1,91b,,10,2017-06-28,0.1529,0.3765,0.594
28,1,126b,,10,2017-06-28,0.1505,0.3799,0.604
27,3,88,,11,2017-07-05,0.1382,0.3132,0.559
27,3,12,,11,2017-07-05,0.1936,0.4265,0.546
27,3,59,,11,2017-07-05,0.1539,0.3348,0.54
27,3,92,,11,2017-07-05,0.1618,0.3735,0.567
27,3,78,,11,2017-07-05,0.1422,0.3078,0.538
27,3,11,,11,2017-07-05,0.1402,0.3544,0.604
27,3,40,,11,2017-07-05,0.1608,0.374,0.57
27,3,57,,11,2017-07-05,0.1985,0.3858,0.485
27,3,96,,11,2017-07-05,0.1471,0.2985,0.507
27,3,60,,11,2017-07-05,0.1569,0.3368,0.534
27,3,63,,11,2017-07-05,0.1539,0.3196,0.518
27,3,79,,11,2017-07-05,0.1598,0.3593,0.555
27,3,83,,11,2017-07-05,0.1564,0.3716,0.579
27,3,82,,11,2017-07-05,0.15,0.3358,0.553
27,3,28,,11,2017-07-05,0.1833,0.3578,0.488
27,3,29,,11,2017-07-05,0.1833,0.373,0.509
27,3,73,,11,2017-07-05,0.1456,0.3157,0.539
27,3,90,,11,2017-07-05,0.198,0.3843,0.485
27,3,84,,11,2017-07-05,0.1627,0.3608,0.549
27,3,35,,11,2017-07-05,0.1926,0.3515,0.452
27,3,65,,11,2017-07-05,0.1294,0.3466,0.627
27,3,58,,11,2017-07-05,0.1814,0.4142,0.562
27,3,62,,11,2017-07-05,0.1632,0.3765,0.566
27,3,31,,11,2017-07-05,0.201,0.4034,0.502
27,3,30,,11,2017-07-05,0.1711,0.3505,0.512
26,4,94,,11,2017-07-05,0.2044,0.3608,0.433
26,4,1,,11,2017-07-05,0.1902,0.3216,0.409
26,4,16,,11,2017-07-05,0.1721,0.2971,0.421
26,4,9,,11,2017-07-05,0.1554,0.2897,0.464
26,4,72,,11,2017-07-05,0.1975,0.3157,0.374
26,4,36,,11,2017-07-05,0.1936,0.3137,0.383
26,4,51,,11,2017-07-05,0.1539,0.2446,0.371
26,4,67,,11,2017-07-05,0.1745,0.2559,0.318
26,4,17,,11,2017-07-05,0.1534,0.2779,0.448
26,4,50,,11,2017-07-05,0.1681,0.2735,0.385
26,4,61,,11,2017-07-05,0.1975,0.3152,0.373
26,4,76,,11,2017-07-05,0.1799,0.2794,0.356
26,4,64,,11,2017-07-05,0.2074,0.3441,0.397
26,4,55,,11,2017-07-05,0.15,0.2775,0.459
26,4,42,,11,2017-07-05,0.1667,0.3221,0.482
26,4,44,,11,2017-07-05,0.1574,0.2784,0.435
26,4,77,,11,2017-07-05,0.2029,0.3377,0.399
26,4,56,,11,2017-07-05,0.1863,0.2922,0.362
26,4,13,,11,2017-07-05,0.1446,0.2446,0.409
26,4,127,,11,2017-07-05,0.1412,0.2412,0.415
29,2,87,,11,2017-07-05,0.1549,0.3529,0.561
29,2,54,,11,2017-07-05,0.1495,0.3529,0.576
29,2,23,,11,2017-07-05,0.202,0.4103,0.508
29,2,38,,11,2017-07-05,0.1593,0.3029,0.474
29,2,53,,11,2017-07-05,0.1495,0.3451,0.567
29,2,10,,11,2017-07-05,0.1603,0.3775,0.575
29,2,33,,11,2017-07-05,0.1887,0.3951,0.522
29,2,39,,11,2017-07-05,0.1333,0.3275,0.593
29,2,14,,11,2017-07-05,0.149,0.3191,0.533
29,2,4,,11,2017-07-05,0.1284,0.3319,0.613
29,2,48,,11,2017-07-05,0.1779,0.3946,0.549
29,2,52,,11,2017-07-05,0.1735,0.4029,0.569
29,2,70,,11,2017-07-05,0.1725,0.4127,0.582
29,2,6,,11,2017-07-05,0.174,0.4206,0.586
29,2,45,,11,2017-07-05,0.1711,0.377,0.546
29,2,95,,11,2017-07-05,0.1314,0.3142,0.582
29,2,75,,11,2017-07-05,0.1863,0.3765,0.505
29,2,81,,11,2017-07-05,0.1868,0.3676,0.492
29,2,69,,11,2017-07-05,0.152,0.3706,0.59
29,2,80,,11,2017-07-05,0.1696,0.3799,0.554
29,2,66,,11,2017-07-05,0.1402,0.3397,0.587
29,2,89,,11,2017-07-05,0.2005,0.4235,0.527
29,2,25,,11,2017-07-05,0.1613,0.3417,0.528
29,2,22,,11,2017-07-05,0.1593,0.3593,0.557
29,2,32,,11,2017-07-05,0.174,0.3779,0.54
29,2,2,,11,2017-07-05,0.1387,0.3093,0.552
29,2,5,,11,2017-07-05,0.1461,0.3485,0.581
29,2,93,,11,2017-07-05,0.1539,0.3637,0.577
29,2,24,,11,2017-07-05,0.1642,0.3701,0.556
29,2,41,,11,2017-07-05,0.1451,0.3132,0.537
28,1,125b,,11,2017-07-05,0.1657,0.4098,0.596
28,1,20b,,11,2017-07-05,0.1583,0.3838,0.587
28,1,71b,,11,2017-07-05,0.1475,0.3583,0.588
28,1,114b,,11,2017-07-05,0.125,0.2975,0.58
28,1,85b,,11,2017-07-05,0.1539,0.3828,0.598
28,1,27b,,11,2017-07-05,0.1485,0.3608,0.588
28,1,34b,,11,2017-07-05,0.1382,0.3431,0.597
28,1,49b,,11,2017-07-05,0.1304,0.3181,0.59
28,1,15b,,11,2017-07-05,0.1534,0.3735,0.589
28,1,18b,,11,2017-07-05,0.1471,0.351,0.581
28,1,196b,,11,2017-07-05,0.127,0.301,0.578
28,1,68b,,11,2017-07-05,0.1588,0.3848,0.587
28,1,129b,,11,2017-07-05,0.1716,0.4103,0.582
28,1,43b,,11,2017-07-05,0.1613,0.3828,0.579
28,1,8b,,11,2017-07-05,0.1515,0.3608,0.58
28,1,46b,,11,2017-07-05,0.1701,0.4152,0.59
28,1,91b,,11,2017-07-05,0.1539,0.3701,0.584
28,1,126b,,11,2017-07-05,0.1338,0.3221,0.584
27,3,88,,12,2017-07-12,0.1608,0.399,0.597
27,3,12,,12,2017-07-12,0.1828,0.4196,0.564
27,3,59,,12,2017-07-12,0.176,0.4005,0.561
27,3,92,,12,2017-07-12,0.1848,0.4348,0.575
27,3,78,,12,2017-07-12,0.1574,0.3578,0.56
27,3,11,,12,2017-07-12,0.1515,0.4074,0.628
27,3,40,,12,2017-07-12,0.1564,0.4025,0.611
27,3,57,,12,2017-07-12,0.2015,0.4093,0.508
27,3,96,,12,2017-07-12,0.1598,0.3461,0.538
27,3,60,,12,2017-07-12,0.1686,0.3897,0.567
27,3,63,,12,2017-07-12,0.1735,0.3667,0.527
27,3,79,,12,2017-07-12,0.1725,0.3765,0.542
27,3,83,,12,2017-07-12,0.1652,0.402,0.589
27,3,82,,12,2017-07-12,0.1529,0.3525,0.566
27,3,28,,12,2017-07-12,0.2015,0.3848,0.476
27,3,29,,12,2017-07-12,0.1931,0.3725,0.482
27,3,73,,12,2017-07-12,0.1446,0.3451,0.581
27,3,90,,12,2017-07-12,0.1681,0.3564,0.528
27,3,84,,12,2017-07-12,0.1417,0.3387,0.582
27,3,35,,12,2017-07-12,0.1951,0.3662,0.467
27,3,65,,12,2017-07-12,0.1377,0.3686,0.626
27,3,58,,12,2017-07-12,0.1564,0.3559,0.561
27,3,62,,12,2017-07-12,0.1436,0.3304,0.565
27,3,31,,12,2017-07-12,0.2,0.3882,0.485
27,3,30,,12,2017-07-12,0.1956,0.3922,0.501
26,4,94,,12,2017-07-12,0.174,0.3059,0.431
26,4,1,,12,2017-07-12,0.1711,0.3049,0.439
26,4,16,,12,2017-07-12,0.177,0.3098,0.429
26,4,9,,12,2017-07-12,0.1569,0.2917,0.462
26,4,72,,12,2017-07-12,0.1956,0.2926,0.332
26,4,36,,12,2017-07-12,0.1721,0.2951,0.417
26,4,51,,12,2017-07-12,0.1495,0.2407,0.379
26,4,67,,12,2017-07-12,0.1544,0.2392,0.355
26,4,17,,12,2017-07-12,0.149,0.2725,0.453
26,4,50,,12,2017-07-12,0.1466,0.227,0.354
26,4,61,,12,2017-07-12,0.1858,0.2809,0.339
26,4,76,,12,2017-07-12,0.1534,0.2309,0.335
26,4,64,,12,2017-07-12,0.1529,0.277,0.448
26,4,55,,12,2017-07-12,0.1456,0.2819,0.483
26,4,42,,12,2017-07-12,0.151,0.2877,0.475
26,4,44,,12,2017-07-12,0.1466,0.2613,0.439
26,4,77,,12,2017-07-12,0.1775,0.324,0.452
26,4,56,,12,2017-07-12,0.1912,0.3029,0.369
26,4,13,,12,2017-07-12,0.1623,0.277,0.414
26,4,127,,12,2017-07-12,0.1505,0.2534,0.406
29,2,87,,12,2017-07-12,0.1613,0.3956,0.592
29,2,54,,12,2017-07-12,0.152,0.3931,0.613
29,2,23,,12,2017-07-12,0.1882,0.4167,0.548
29,2,38,,12,2017-07-12,0.198,0.4417,0.552
29,2,53,,12,2017-07-12,0.1701,0.4255,0.6
29,2,10,,12,2017-07-12,0.1495,0.3824,0.609
29,2,33,,12,2017-07-12,0.1907,0.4196,0.546
29,2,39,,12,2017-07-12,0.1593,0.4328,0.632
29,2,14,,12,2017-07-12,0.1534,0.3235,0.526
29,2,4,,12,2017-07-12,0.1456,0.3779,0.615
29,2,48,,12,2017-07-12,0.1755,0.3828,0.542
29,2,52,,12,2017-07-12,0.1794,0.4402,0.592
29,2,70,,12,2017-07-12,0.1789,0.4613,0.612
29,2,6,,12,2017-07-12,0.1588,0.4005,0.603
29,2,45,,12,2017-07-12,0.1647,0.4093,0.598
29,2,95,,12,2017-07-12,0.1583,0.3696,0.572
29,2,75,,12,2017-07-12,0.1642,0.3574,0.54
29,2,81,,12,2017-07-12,0.1779,0.4025,0.558
29,2,69,,12,2017-07-12,0.1412,0.3745,0.623
29,2,80,,12,2017-07-12,0.175,0.4025,0.565
29,2,66,,12,2017-07-12,0.1569,0.3882,0.596
29,2,89,,12,2017-07-12,0.202,0.4569,0.558
29,2,25,,12,2017-07-12,0.1603,0.3574,0.551
29,2,22,,12,2017-07-12,0.1456,0.3235,0.55
29,2,32,,12,2017-07-12,0.1907,0.4451,0.572
29,2,2,,12,2017-07-12,0.1407,0.3098,0.546
29,2,5,,12,2017-07-12,0.1578,0.4172,0.622
29,2,93,,12,2017-07-12,0.1578,0.3946,0.6
29,2,24,,12,2017-07-12,0.1961,0.4588,0.573
29,2,41,,12,2017-07-12,0.1578,0.3755,0.58
28,1,125b,,12,2017-07-12,0.1848,0.4637,0.601
28,1,20b,,12,2017-07-12,0.1701,0.4309,0.605
28,1,71b,,12,2017-07-12,0.176,0.4245,0.585
28,1,114b,,12,2017-07-12,0.1466,0.3539,0.586
28,1,85b,,12,2017-07-12,0.1593,0.3995,0.601
28,1,27b,,12,2017-07-12,0.1412,0.3471,0.593
28,1,34b,,12,2017-07-12,0.177,0.4441,0.602
28,1,49b,,12,2017-07-12,0.1485,0.3559,0.583
28,1,15b,,12,2017-07-12,0.152,0.3809,0.601
28,1,18b,,12,2017-07-12,0.1623,0.3966,0.591
28,1,196b,,12,2017-07-12,0.1686,0.4078,0.587
28,1,68b,,12,2017-07-12,0.1618,0.3775,0.571
28,1,129b,,12,2017-07-12,0.1882,0.4598,0.591
28,1,43b,,12,2017-07-12,0.1475,0.3422,0.569
28,1,8b,,12,2017-07-12,0.1755,0.4412,0.602
28,1,46b,,12,2017-07-12,0.1564,0.3784,0.587
28,1,91b,,12,2017-07-12,0.1681,0.4142,0.594
28,1,126b,,12,2017-07-12,0.1672,0.4083,0.591
27,3,88,,13,2017-07-19,0.1456,0.374,0.611
27,3,12,,13,2017-07-19,0.1716,0.4176,0.589
27,3,59,,13,2017-07-19,0.1539,0.3794,0.594
27,3,92,,13,2017-07-19,0.1799,0.4289,0.581
27,3,78,,13,2017-07-19,0.1348,0.3088,0.563
27,3,11,,13,2017-07-19,0.1338,0.35,0.618
27,3,40,,13,2017-07-19,0.1564,0.4118,0.62
27,3,57,,13,2017-07-19,0.1853,0.3828,0.516
27,3,96,,13,2017-07-19,0.1461,0.3485,0.581
27,3,60,,13,2017-07-19,0.1588,0.376,0.578
27,3,63,,13,2017-07-19,0.1627,0.3779,0.569
27,3,79,,13,2017-07-19,0.1475,0.3333,0.557
27,3,83,,13,2017-07-19,0.1564,0.3907,0.6
27,3,82,,13,2017-07-19,0.174,0.4064,0.572
27,3,28,,13,2017-07-19,0.1966,0.424,0.536
27,3,29,,13,2017-07-19,0.2,0.4279,0.533
27,3,73,,13,2017-07-19,0.1426,0.3515,0.594
27,3,90,,13,2017-07-19,0.2034,0.4132,0.508
27,3,84,,13,2017-07-19,0.1623,0.3691,0.56
27,3,35,,13,2017-07-19,0.1961,0.4304,0.544
27,3,65,,13,2017-07-19,0.1466,0.3814,0.616
27,3,58,,13,2017-07-19,0.1647,0.4039,0.592
27,3,62,,13,2017-07-19,0.1417,0.3426,0.587
27,3,31,,13,2017-07-19,0.151,0.35,0.569
27,3,30,,13,2017-07-19,0.1564,0.3348,0.533
26,4,94,,13,2017-07-19,0.1735,0.2863,0.394
26,4,1,,13,2017-07-19,0.1637,0.3093,0.471
26,4,16,,13,2017-07-19,0.1735,0.3127,0.445
26,4,9,,13,2017-07-19,0.1559,0.2926,0.467
26,4,72,,13,2017-07-19,0.1887,0.2873,0.343
26,4,36,,13,2017-07-19,0.1975,0.3348,0.41
26,4,51,,13,2017-07-19,0.173,0.2833,0.389
26,4,67,,13,2017-07-19,0.1824,0.2789,0.346
26,4,17,,13,2017-07-19,0.1456,0.2706,0.462
26,4,50,,13,2017-07-19,0.1466,0.2451,0.402
26,4,61,,13,2017-07-19,0.2015,0.3054,0.34
26,4,76,,13,2017-07-19,0.1681,0.249,0.325
26,4,64,,13,2017-07-19,0.1745,0.302,0.422
26,4,55,,13,2017-07-19,0.1598,0.2833,0.436
26,4,42,,13,2017-07-19,0.1701,0.2863,0.406
26,4,44,,13,2017-07-19,0.173,0.2917,0.407
26,4,77,,13,2017-07-19,0.1745,0.3225,0.459
26,4,56,,13,2017-07-19,0.1966,0.3059,0.357
26,4,13,,13,2017-07-19,0.1672,0.2922,0.428
26,4,127,,13,2017-07-19,0.175,0.3147,0.444
29,2,87,,13,2017-07-19,0.1373,0.3471,0.605
29,2,54,,13,2017-07-19,0.1353,0.3412,0.603
29,2,23,,13,2017-07-19,0.1873,0.4064,0.539
29,2,38,,13,2017-07-19,0.1613,0.3814,0.577
29,2,53,,13,2017-07-19,0.1632,0.4093,0.601
29,2,10,,13,2017-07-19,0.1485,0.3936,0.623
29,2,33,,13,2017-07-19,0.2015,0.4608,0.563
29,2,39,,13,2017-07-19,0.1598,0.4245,0.624
29,2,14,,13,2017-07-19,0.1623,0.3642,0.555
29,2,4,,13,2017-07-19,0.1417,0.348,0.593
29,2,48,,13,2017-07-19,0.1902,0.4088,0.535
29,2,52,,13,2017-07-19,0.1711,0.4294,0.602
29,2,70,,13,2017-07-19,0.1593,0.4103,0.612
29,2,6,,13,2017-07-19,0.1711,0.4201,0.593
29,2,45,,13,2017-07-19,0.1588,0.3926,0.596
29,2,95,,13,2017-07-19,0.1549,0.3642,0.575
29,2,75,,13,2017-07-19,0.1618,0.3765,0.57
29,2,81,,13,2017-07-19,0.1608,0.3868,0.584
29,2,69,,13,2017-07-19,0.149,0.4299,0.653
29,2,80,,13,2017-07-19,0.1931,0.476,0.594
29,2,66,,13,2017-07-19,0.1618,0.4108,0.606
29,2,89,,13,2017-07-19,0.1833,0.4137,0.557
29,2,25,,13,2017-07-19,0.1696,0.3971,0.573
29,2,22,,13,2017-07-19,0.1662,0.3534,0.53
29,2,32,,13,2017-07-19,0.1789,0.4221,0.576
29,2,2,,13,2017-07-19,0.1466,0.3363,0.564
29,2,5,,13,2017-07-19,0.1343,0.3564,0.623
29,2,93,,13,2017-07-19,0.1583,0.3789,0.582
29,2,24,,13,2017-07-19,0.1873,0.4157,0.55
29,2,41,,13,2017-07-19,0.15,0.3529,0.575
28,1,125b,,13,2017-07-19,0.1569,0.3701,0.576
28,1,20b,,13,2017-07-19,0.149,0.3412,0.563
28,1,71b,,13,2017-07-19,0.1662,0.3632,0.543
28,1,114b,,13,2017-07-19,0.1549,0.3539,0.562
28,1,85b,,13,2017-07-19,0.175,0.4137,0.577
28,1,27b,,13,2017-07-19,0.1809,0.4118,0.561
28,1,34b,,13,2017-07-19,0.1662,0.3892,0.573
28,1,49b,,13,2017-07-19,0.1828,0.426,0.571
28,1,15b,,13,2017-07-19,0.1971,0.4637,0.575
28,1,18b,,13,2017-07-19,0.1922,0.4422,0.565
28,1,196b,,13,2017-07-19,0.1608,0.3618,0.556
28,1,68b,,13,2017-07-19,0.1578,0.3422,0.539
28,1,129b,,13,2017-07-19,0.1681,0.3652,0.54
28,1,43b,,13,2017-07-19,0.1794,0.3892,0.539
28,1,8b,,13,2017-07-19,0.1725,0.4113,0.58
28,1,46b,,13,2017-07-19,0.1716,0.3902,0.56
28,1,91b,,13,2017-07-19,0.1549,0.3735,0.585
28,1,126b,,13,2017-07-19,0.1701,0.3907,0.565
27,3,88,,14,2017-07-26,0.1466,0.3858,0.62
27,3,12,,14,2017-07-26,0.1706,0.424,0.598
27,3,59,,14,2017-07-26,0.1716,0.4451,0.615
27,3,92,,14,2017-07-26,0.15,0.3779,0.603
27,3,78,,14,2017-07-26,0.1608,0.4157,0.613
27,3,11,,14,2017-07-26,0.1667,0.4431,0.624
27,3,40,,14,2017-07-26,0.1426,0.3941,0.638
27,3,57,,14,2017-07-26,0.1647,0.3691,0.554
27,3,96,,14,2017-07-26,0.1696,0.4118,0.588
27,3,60,,14,2017-07-26,0.1735,0.4157,0.583
27,3,63,,14,2017-07-26,0.1598,0.3853,0.585
27,3,79,,14,2017-07-26,0.1402,0.3544,0.604
27,3,83,,14,2017-07-26,0.1338,0.3436,0.611
27,3,82,,14,2017-07-26,0.1686,0.4338,0.611
27,3,28,,14,2017-07-26,0.198,0.4623,0.572
27,3,29,,14,2017-07-26,0.1441,0.3525,0.591
27,3,73,,14,2017-07-26,0.1422,0.3745,0.62
27,3,90,,14,2017-07-26,0.1578,0.3588,0.56
27,3,84,,14,2017-07-26,0.1775,0.4471,0.603
27,3,35,,14,2017-07-26,0.1721,0.427,0.597
27,3,65,,14,2017-07-26,0.1569,0.4039,0.612
27,3,58,,14,2017-07-26,0.1868,0.4647,0.598
27,3,62,,14,2017-07-26,0.15,0.3706,0.595
27,3,31,,14,2017-07-26,0.1676,0.3951,0.576
27,3,30,,14,2017-07-26,0.1569,0.3696,0.576
26,4,94,,14,2017-07-26,0.1789,0.3132,0.429
26,4,1,,14,2017-07-26,0.1858,0.3549,0.477
26,4,16,,14,2017-07-26,0.1667,0.3245,0.486
26,4,9,,14,2017-07-26,0.1324,0.298,0.556
26,4,72,,14,2017-07-26,0.1838,0.326,0.436
26,4,36,,14,2017-07-26,0.1956,0.3887,0.497
26,4,51,,14,2017-07-26,0.1735,0.3338,0.48
26,4,67,,14,2017-07-26,0.1382,0.25,0.447
26,4,17,,14,2017-07-26,0.1627,0.3186,0.489
26,4,50,,14,2017-07-26,0.1328,0.2471,0.462
26,4,61,,14,2017-07-26,0.1902,0.3245,0.414
26,4,76,,14,2017-07-26,0.1466,0.2554,0.426
26,4,64,,14,2017-07-26,0.177,0.3377,0.476
26,4,55,,14,2017-07-26,0.1804,0.3485,0.482
26,4,42,,14,2017-07-26,0.148,0.2853,0.481
26,4,44,,14,2017-07-26,0.1549,0.3044,0.491
26,4,77,,14,2017-07-26,0.2,0.3755,0.467
26,4,56,,14,2017-07-26,0.1745,0.2995,0.417
26,4,13,,14,2017-07-26,0.1505,0.2833,0.469
26,4,127,,14,2017-07-26,0.2015,0.3912,0.485
29,2,87,,14,2017-07-26,0.1466,0.4167,0.648
29,2,54,,14,2017-07-26,0.175,0.4662,0.625
29,2,23,,14,2017-07-26,0.2005,0.475,0.578
29,2,38,,14,2017-07-26,0.1946,0.5,0.611
29,2,53,,14,2017-07-26,0.1897,0.502,0.622
29,2,10,,14,2017-07-26,0.1525,0.4216,0.638
29,2,33,,14,2017-07-26,0.177,0.4387,0.597
29,2,39,,14,2017-07-26,0.1824,0.4971,0.633
29,2,14,,14,2017-07-26,0.1603,0.3961,0.595
29,2,4,,14,2017-07-26,0.1299,0.3456,0.624
29,2,48,,14,2017-07-26,0.2,0.473,0.577
29,2,52,,14,2017-07-26,0.1809,0.4721,0.617
29,2,70,,14,2017-07-26,0.1495,0.3716,0.598
29,2,6,,14,2017-07-26,0.1657,0.4088,0.595
29,2,45,,14,2017-07-26,0.1534,0.3662,0.581
29,2,95,,14,2017-07-26,0.1451,0.3564,0.593
29,2,75,,14,2017-07-26,0.1583,0.3926,0.597
29,2,81,,14,2017-07-26,0.1515,0.3701,0.591
29,2,69,,14,2017-07-26,0.1515,0.4216,0.641
29,2,80,,14,2017-07-26,0.1441,0.3525,0.591
29,2,66,,14,2017-07-26,0.1868,0.4544,0.589
29,2,89,,14,2017-07-26,0.1828,0.3681,0.503
29,2,25,,14,2017-07-26,0.1554,0.3397,0.543
29,2,22,,14,2017-07-26,0.1755,0.3706,0.526
29,2,32,,14,2017-07-26,0.1887,0.45,0.581
29,2,2,,14,2017-07-26,0.1637,0.4044,0.595
29,2,5,,14,2017-07-26,0.1461,0.3887,0.624
29,2,93,,14,2017-07-26,0.1598,0.3926,0.593
29,2,24,,14,2017-07-26,0.1833,0.4441,0.587
29,2,41,,14,2017-07-26,0.1647,0.4466,0.631
28,1,125b,,14,2017-07-26,0.1696,0.3794,0.553
28,1,20b,,14,2017-07-26,0.1657,0.3843,0.569
28,1,71b,,14,2017-07-26,0.1941,0.4245,0.543
28,1,114b,,14,2017-07-26,0.1333,0.2897,0.54
28,1,85b,,14,2017-07-26,0.1603,0.3598,0.554
28,1,27b,,14,2017-07-26,0.1858,0.4108,0.548
28,1,34b,,14,2017-07-26,0.2,0.4843,0.587
28,1,49b,,14,2017-07-26,0.1304,0.2961,0.56
28,1,15b,,14,2017-07-26,0.1647,0.3721,0.557
28,1,18b,,14,2017-07-26,0.1917,0.4206,0.544
28,1,196b,,14,2017-07-26,0.1961,0.4235,0.537
28,1,68b,,14,2017-07-26,0.201,0.4368,0.54
28,1,129b,,14,2017-07-26,0.1505,0.327,0.54
28,1,43b,,14,2017-07-26,0.175,0.3696,0.527
28,1,8b,,14,2017-07-26,0.202,0.4314,0.532
28,1,46b,,14,2017-07-26,0.1735,0.3853,0.55
28,1,91b,,14,2017-07-26,0.1613,0.3623,0.555
28,1,126b,,14,2017-07-26,0.1877,0.4377,0.571
27,2,88,,15,2017-08-09,0.1309,0.3583,0.635
27,2,12,,15,2017-08-09,0.1471,0.4069,0.639
27,2,59,,15,2017-08-09,0.1642,0.4505,0.635
27,2,92,,15,2017-08-09,0.175,0.4681,0.626
27,2,78,,15,2017-08-09,0.15,0.4059,0.63
27,2,11,,15,2017-08-09,0.1309,0.3794,0.655
27,2,40,,15,2017-08-09,0.1446,0.425,0.66
27,2,57,,15,2017-08-09,0.1985,0.4691,0.577
27,2,96,,15,2017-08-09,0.1363,0.3784,0.64
27,2,60,,15,2017-08-09,0.15,0.4167,0.64
27,2,79,,15,2017-08-09,0.1554,0.4275,0.636
27,2,83,,15,2017-08-09,0.1662,0.4598,0.639
27,2,82,,15,2017-08-09,0.1539,0.402,0.617
27,2,28,,15,2017-08-09,0.1725,0.4495,0.616
27,2,29,,15,2017-08-09,0.1745,0.4578,0.619
27,2,73,,15,2017-08-09,0.1608,0.4461,0.64
27,2,90,,15,2017-08-09,0.1809,0.4343,0.584
27,2,84,,15,2017-08-09,0.1569,0.4441,0.647
27,2,58,,15,2017-08-09,0.1657,0.4515,0.633
27,2,30,,15,2017-08-09,0.177,0.4559,0.612
26,1,94,,15,2017-08-09,0.1333,0.3255,0.59
26,1,16,,15,2017-08-09,0.1686,0.4221,0.6
26,1,9,,15,2017-08-09,0.1721,0.4603,0.626
26,1,36,,15,2017-08-09,0.2059,0.4618,0.554
26,1,51,,15,2017-08-09,0.1642,0.3809,0.569
26,1,67,,15,2017-08-09,0.1902,0.3858,0.507
26,1,17,,15,2017-08-09,0.1745,0.4039,0.568
26,1,50,,15,2017-08-09,0.176,0.4113,0.572
26,1,61,,15,2017-08-09,0.15,0.3333,0.55
26,1,76,,15,2017-08-09,0.1431,0.3074,0.534
26,1,64,,15,2017-08-09,0.1833,0.399,0.541
26,1,55,,15,2017-08-09,0.1642,0.3809,0.569
26,1,42,,15,2017-08-09,0.126,0.3025,0.583
26,1,44,,15,2017-08-09,0.1294,0.324,0.601
26,1,77,,15,2017-08-09,0.1564,0.3667,0.574
26,1,56,,15,2017-08-09,0.202,0.4039,0.5
26,1,13,,15,2017-08-09,0.1618,0.3495,0.537
26,1,127,,15,2017-08-09,0.1505,0.3755,0.599
29,3,54,,15,2017-08-09,0.1402,0.3971,0.647
29,3,53,,15,2017-08-09,0.1583,0.4613,0.657
29,3,33,,15,2017-08-09,0.173,0.4632,0.626
29,3,39,,15,2017-08-09,0.1667,0.476,0.65
29,3,4,,15,2017-08-09,0.1431,0.4196,0.659
29,3,48,,15,2017-08-09,0.1995,0.5211,0.617
29,3,52,,15,2017-08-09,0.1985,0.5672,0.65
29,3,70,,15,2017-08-09,0.1956,0.5373,0.636
29,3,6,,15,2017-08-09,0.1412,0.3828,0.631
29,3,95,,15,2017-08-09,0.1578,0.4279,0.631
29,3,75,,15,2017-08-09,0.1701,0.4574,0.628
29,3,81,,15,2017-08-09,0.1824,0.4804,0.62
29,3,80,,15,2017-08-09,0.1358,0.3569,0.62
29,3,89,,15,2017-08-09,0.1627,0.3848,0.577
29,3,22,,15,2017-08-09,0.1451,0.3667,0.604
29,3,32,,15,2017-08-09,0.1588,0.4049,0.608
29,3,5,,15,2017-08-09,0.1377,0.3892,0.646
29,3,93,,15,2017-08-09,0.1799,0.476,0.622
28,4,125b,,15,2017-08-09,0.1652,0.4074,0.594
28,4,20b,,15,2017-08-09,0.1578,0.4123,0.617
28,4,71b,,15,2017-08-09,0.1691,0.4029,0.58
28,4,114b,,15,2017-08-09,0.1706,0.4025,0.576
28,4,85b,,15,2017-08-09,0.1642,0.3897,0.579
28,4,27b,,15,2017-08-09,0.1627,0.3887,0.581
28,4,34b,,15,2017-08-09,0.1716,0.4343,0.605
28,4,49b,,15,2017-08-09,0.1907,0.4289,0.555
28,4,15b,,15,2017-08-09,0.1603,0.3882,0.587
28,4,18b,,15,2017-08-09,0.1598,0.3833,0.583
28,4,196b,,15,2017-08-09,0.1515,0.3554,0.574
28,4,68b,,15,2017-08-09,0.1814,0.4294,0.578
28,4,129b,,15,2017-08-09,0.1417,0.3426,0.587
28,4,43b,,15,2017-08-09,0.1647,0.3946,0.583
28,4,8b,,15,2017-08-09,0.1882,0.4603,0.591
28,4,46b,,15,2017-08-09,0.1686,0.4152,0.594
28,4,91b,,15,2017-08-09,0.1373,0.3157,0.565
28,4,126b,,15,2017-08-09,0.1779,0.4054,0.561
28b,4,35,,15,2017-08-09,0.1922,0.4887,0.607
28b,4,66,,15,2017-08-09,0.1304,0.3608,0.639
28b,4,23,,15,2017-08-09,0.15,0.3858,0.611
28b,4,69,,15,2017-08-09,0.1216,0.3637,0.666
28b,4,1,,15,2017-08-09,0.1525,0.3775,0.596
28b,4,87,,15,2017-08-09,0.1368,0.3794,0.64
28b,4,24,,15,2017-08-09,0.1672,0.4417,0.622
28b,4,63,,15,2017-08-09,0.1382,0.3902,0.646
28b,4,65,,15,2017-08-09,0.1515,0.4564,0.668
28b,4,62,,15,2017-08-09,0.1657,0.4407,0.624
28b,4,31,,15,2017-08-09,0.1348,0.3529,0.618
28b,4,10,,15,2017-08-09,0.1382,0.4083,0.661
28b,4,38,,15,2017-08-09,0.1529,0.3843,0.602
28b,4,72,,15,2017-08-09,0.1946,0.4074,0.522
28b,4,2,,15,2017-08-09,0.1377,0.3814,0.639
28b,4,14,,15,2017-08-09,0.126,0.3343,0.623
28b,4,41,,15,2017-08-09,0.1569,0.4549,0.655
28b,4,45,,15,2017-08-09,0.1995,0.5167,0.614
28b,4,25,,15,2017-08-09,0.1887,0.4676,0.596
26,2,9,,16,2017-08-16,0.1569,0.4299,0.635
26,2,13,,16,2017-08-16,0.173,0.4152,0.583
26,2,16,,16,2017-08-16,0.1951,0.4441,0.561
26,2,17,,16,2017-08-16,0.1794,0.4466,0.598
26,2,36,,16,2017-08-16,0.1593,0.3495,0.544
26,2,42,,16,2017-08-16,0.1373,0.3211,0.573
26,2,44,,16,2017-08-16,0.1814,0.4343,0.582
26,2,50,,16,2017-08-16,0.1407,0.3456,0.593
26,2,51,,16,2017-08-16,0.1294,0.3201,0.596
26,2,55,,16,2017-08-16,0.1613,0.4142,0.611
26,2,56,,16,2017-08-16,0.1995,0.423,0.528
26,2,61,,16,2017-08-16,0.1804,0.3779,0.523
26,2,64,,16,2017-08-16,0.1755,0.398,0.559
26,2,67,,16,2017-08-16,0.1549,0.3436,0.549
26,2,76,,16,2017-08-16,0.1912,0.4,0.522
26,2,77,,16,2017-08-16,0.175,0.4015,0.564
26,2,94,,16,2017-08-16,0.152,0.3456,0.56
26,2,127,,16,2017-08-16,0.1672,0.399,0.581
27,4,11,,16,2017-08-16,0.1309,0.3657,0.642
27,4,12,,16,2017-08-16,0.1461,0.3794,0.615
27,4,28,,16,2017-08-16,0.1931,0.4838,0.601
27,4,29,,16,2017-08-16,0.1676,0.4206,0.601
27,4,30,,16,2017-08-16,0.1676,0.4397,0.619
27,4,40,,16,2017-08-16,0.1549,0.4525,0.658
27,4,57,,16,2017-08-16,0.1809,0.4471,0.595
27,4,58,,16,2017-08-16,0.1539,0.4181,0.632
27,4,59,,16,2017-08-16,0.1471,0.4093,0.641
27,4,60,,16,2017-08-16,0.1632,0.4422,0.631
27,4,73,,16,2017-08-16,0.1966,0.5255,0.626
27,4,78,,16,2017-08-16,0.1809,0.4672,0.613
27,4,79,,16,2017-08-16,0.1623,0.4382,0.63
27,4,82,,16,2017-08-16,0.1725,0.4598,0.625
27,4,83,,16,2017-08-16,0.1877,0.5108,0.632
27,4,84,,16,2017-08-16,0.1804,0.4716,0.617
27,4,88,,16,2017-08-16,0.152,0.4029,0.623
27,4,90,,16,2017-08-16,0.1819,0.4206,0.568
27,4,92,,16,2017-08-16,0.1961,0.5279,0.629
27,4,96,,16,2017-08-16,0.1799,0.476,0.622
28,3,8b,,16,2017-08-16,0.1951,0.5441,0.641
28,3,15b,,16,2017-08-16,0.1647,0.4593,0.641
28,3,18b,,16,2017-08-16,0.1853,0.4799,0.614
28,3,20b,,16,2017-08-16,0.1426,0.3961,0.64
28,3,27b,,16,2017-08-16,0.1446,0.4132,0.65
28,3,34b,,16,2017-08-16,0.1407,0.4206,0.666
28,3,43b,,16,2017-08-16,0.1961,0.5373,0.635
28,3,46b,,16,2017-08-16,0.152,0.426,0.643
28,3,49b,,16,2017-08-16,0.1725,0.4603,0.625
28,3,68b,,16,2017-08-16,0.1745,0.473,0.631
28,3,71b,,16,2017-08-16,0.1627,0.4436,0.633
28,3,85b,,16,2017-08-16,0.1946,0.5157,0.623
28,3,91b,,16,2017-08-16,0.1721,0.4466,0.615
28,3,114b,,16,2017-08-16,0.1426,0.4015,0.645
28,3,125b,,16,2017-08-16,0.1667,0.4912,0.661
28,3,126b,,16,2017-08-16,0.1848,0.5304,0.652
28,3,129b,,16,2017-08-16,0.1926,0.5162,0.627
28,3,196b,,16,2017-08-16,0.1809,0.4941,0.634
28b,3,1c,,16,2017-08-16,0.1593,0.3873,0.589
28b,3,2c,,16,2017-08-16,0.1412,0.3838,0.632
28b,3,10c,,16,2017-08-16,0.1794,0.5083,0.647
28b,3,14c,,16,2017-08-16,0.1608,0.4235,0.62
28b,3,23c,,16,2017-08-16,0.1618,0.4064,0.602
28b,3,24c,,16,2017-08-16,0.151,0.3882,0.611
28b,3,25c,,16,2017-08-16,0.1863,0.4382,0.575
28b,3,31c,,16,2017-08-16,0.1725,0.4324,0.601
28b,3,35c,,16,2017-08-16,0.1794,0.4662,0.615
28b,3,38c,,16,2017-08-16,0.1426,0.3608,0.605
28b,3,41c,,16,2017-08-16,0.1613,0.451,0.642
28b,3,45c,,16,2017-08-16,0.174,0.4289,0.594
28b,3,62c,,16,2017-08-16,0.151,0.4235,0.644
28b,3,63c,,16,2017-08-16,0.1647,0.4593,0.641
28b,3,65c,,16,2017-08-16,0.1735,0.4716,0.632
28b,3,66c,,16,2017-08-16,0.1961,0.576,0.66
28b,3,69c,,16,2017-08-16,0.1309,0.3931,0.667
28b,3,72c,,16,2017-08-16,0.1858,0.3863,0.519
28b,3,87c,,16,2017-08-16,0.1485,0.3887,0.618
29,1,4,,16,2017-08-16,0.1319,0.3701,0.644
29,1,5,,16,2017-08-16,0.1475,0.4181,0.647
29,1,6,,16,2017-08-16,0.1627,0.45,0.638
29,1,22,,16,2017-08-16,0.1975,0.4971,0.603
29,1,32,,16,2017-08-16,0.1848,0.4838,0.618
29,1,33,,16,2017-08-16,0.1809,0.4725,0.617
29,1,39,,16,2017-08-16,0.1721,0.4784,0.64
29,1,48,,16,2017-08-16,0.202,0.4843,0.583
29,1,52,,16,2017-08-16,0.1598,0.4348,0.632
29,1,53,,16,2017-08-16,0.1593,0.4475,0.644
29,1,54,,16,2017-08-16,0.1838,0.4956,0.629
29,1,70,,16,2017-08-16,0.1824,0.4931,0.63
29,1,75,,16,2017-08-16,0.1637,0.4495,0.636
29,1,80,,16,2017-08-16,0.1897,0.5015,0.622
29,1,81,,16,2017-08-16,0.1554,0.4054,0.617
29,1,89,,16,2017-08-16,0.1833,0.4382,0.582
29,1,93,,16,2017-08-16,0.1922,0.5181,0.629
29,1,95,,16,2017-08-16,0.1441,0.3789,0.62
26,2,9,,17,2017-08-25,0.1368,0.2985,0.542
26,2,13,,17,2017-08-25,0.1721,0.3294,0.478
26,2,16,,17,2017-08-25,0.1804,0.3534,0.49
26,2,17,,17,2017-08-25,0.1637,0.3054,0.464
26,2,36,,17,2017-08-25,0.1912,0.3245,0.411
26,2,42,,17,2017-08-25,0.1412,0.2632,0.464
26,2,44,,17,2017-08-25,0.1539,0.2956,0.479
26,2,50,,17,2017-08-25,0.1446,0.2779,0.48
26,2,51,,17,2017-08-25,0.1657,0.325,0.49
26,2,55,,17,2017-08-25,0.1525,0.3127,0.513
26,2,56,,17,2017-08-25,0.1907,0.3279,0.419
26,2,61,,17,2017-08-25,0.1922,0.3431,0.44
26,2,64,,17,2017-08-25,0.1848,0.3426,0.461
26,2,67,,17,2017-08-25,0.1672,0.3059,0.454
26,2,76,,17,2017-08-25,0.1657,0.3044,0.456
26,2,77,,17,2017-08-25,0.1627,0.3049,0.466
26,2,94,,17,2017-08-25,0.1505,0.3005,0.499
26,2,127,,17,2017-08-25,0.1559,0.3221,0.516
New,2,201,,17,2017-08-25,0.1676,0.2407,0.303
New,2,202,,17,2017-08-25,0.1647,0.2598,0.366
New,2,298,,17,2017-08-25,0.1539,0.2426,0.366
27,4,11,,17,2017-08-25,0.1618,0.4,0.596
27,4,12,,17,2017-08-25,0.1593,0.3701,0.57
27,4,28,,17,2017-08-25,0.1848,0.426,0.566
27,4,29,,17,2017-08-25,0.1789,0.3721,0.519
27,4,30,,17,2017-08-25,0.1966,0.4069,0.517
27,4,40,,17,2017-08-25,0.1652,0.4118,0.599
27,4,57,,17,2017-08-25,0.2,0.3848,0.48
27,4,58,,17,2017-08-25,0.1637,0.375,0.563
27,4,59,,17,2017-08-25,0.1775,0.3971,0.553
27,4,60,,17,2017-08-25,0.1696,0.3956,0.571
27,4,73,,17,2017-08-25,0.174,0.4005,0.565
27,4,78,,17,2017-08-25,0.1554,0.3441,0.548
27,4,79,,17,2017-08-25,0.1529,0.3431,0.554
27,4,82,,17,2017-08-25,0.1794,0.4157,0.568
27,4,83,,17,2017-08-25,0.1662,0.4005,0.585
27,4,84,,17,2017-08-25,0.1618,0.3632,0.555
27,4,88,,17,2017-08-25,0.1583,0.3495,0.547
27,4,90,,17,2017-08-25,0.2078,0.4098,0.493
27,4,92,,17,2017-08-25,0.175,0.3809,0.541
27,4,96,,17,2017-08-25,0.1681,0.3637,0.538
New,4,205,,17,2017-08-25,0.2064,0.3162,0.347
New,4,207,,17,2017-08-25,0.1627,0.2853,0.43
New,4,297,,17,2017-08-25,0.1554,0.3,0.482
28,3,8b,,17,2017-08-25,0.1838,0.4196,0.562
28,3,15b,,17,2017-08-25,0.1623,0.3848,0.578
28,3,18b,,17,2017-08-25,0.1897,0.4279,0.557
28,3,20b,,17,2017-08-25,0.1598,0.3828,0.583
28,3,27b,,17,2017-08-25,0.149,0.3588,0.585
28,3,34b,,17,2017-08-25,0.2034,0.5402,0.623
28,3,43b,,17,2017-08-25,0.1701,0.4083,0.583
28,3,46b,,17,2017-08-25,0.2005,0.4652,0.569
28,3,49b,,17,2017-08-25,0.1426,0.3225,0.558
28,3,68b,,17,2017-08-25,0.175,0.399,0.561
28,3,71b,,17,2017-08-25,0.1926,0.4314,0.553
28,3,85b,,17,2017-08-25,0.175,0.4059,0.569
28,3,91b,,17,2017-08-25,0.1799,0.3858,0.534
28,3,114b,,17,2017-08-25,0.1745,0.3755,0.535
28,3,125b,,17,2017-08-25,0.1696,0.4181,0.594
28,3,126b,,17,2017-08-25,0.1873,0.4353,0.57
28,3,129b,,17,2017-08-25,0.1941,0.4662,0.584
28,3,196b,,17,2017-08-25,0.1613,0.3672,0.561
28b,3,1c,,17,2017-08-25,0.2039,0.3941,0.483
28b,3,2c,,17,2017-08-25,0.1946,0.4113,0.527
28b,3,10c,,17,2017-08-25,0.1583,0.3706,0.573
28b,3,14c,,17,2017-08-25,0.15,0.3162,0.526
28b,3,23c,,17,2017-08-25,0.2005,0.4049,0.505
28b,3,24c,,17,2017-08-25,0.1912,0.3824,0.5
28b,3,25c,,17,2017-08-25,0.1966,0.3912,0.497
28b,3,31c,,17,2017-08-25,0.1975,0.3858,0.488
28b,3,35c,,17,2017-08-25,0.1716,0.351,0.511
28b,3,38c,,17,2017-08-25,0.1995,0.4225,0.528
28b,3,41c,,17,2017-08-25,0.1431,0.3275,0.563
28b,3,45c,,17,2017-08-25,0.1461,0.3015,0.515
28b,3,62c,,17,2017-08-25,0.1407,0.3441,0.591
28b,3,63c,,17,2017-08-25,0.1897,0.426,0.555
28b,3,65c,,17,2017-08-25,0.1843,0.4583,0.598
28b,3,66c,,17,2017-08-25,0.1858,0.4181,0.556
28b,3,69c,,17,2017-08-25,0.1637,0.401,0.592
28b,3,72c,,17,2017-08-25,0.1706,0.3049,0.441
28b,3,87c,,17,2017-08-25,0.1593,0.3539,0.55
New,3,209,,17,2017-08-25,0.1662,0.274,0.394
New,3,210,,17,2017-08-25,0.1544,0.277,0.442
New,3,296,,17,2017-08-25,0.149,0.2897,0.486
29,1,4,,17,2017-08-25,0.1279,0.327,0.609
29,1,5,,17,2017-08-25,0.1662,0.426,0.61
29,1,6,,17,2017-08-25,0.1799,0.4441,0.595
29,1,22,,17,2017-08-25,0.2034,0.4466,0.544
29,1,32,,17,2017-08-25,0.2123,0.4637,0.542
29,1,33,,17,2017-08-25,0.1686,0.3779,0.554
29,1,39,,17,2017-08-25,0.1314,0.3176,0.586
29,1,48,,17,2017-08-25,0.1755,0.3569,0.508
29,1,52,,17,2017-08-25,0.1613,0.3676,0.561
29,1,53,,17,2017-08-25,0.1779,0.4025,0.558
29,1,54,,17,2017-08-25,0.1529,0.3569,0.571
29,1,70,,17,2017-08-25,0.1578,0.3539,0.554
29,1,75,,17,2017-08-25,0.1833,0.4098,0.553
29,1,80,,17,2017-08-25,0.1819,0.3995,0.545
29,1,81,,17,2017-08-25,0.1672,0.3686,0.547
29,1,89,,17,2017-08-25,0.2015,0.3936,0.488
29,1,93,,17,2017-08-25,0.1314,0.2912,0.549
29,1,95,,17,2017-08-25,0.1358,0.2873,0.527
New,1,212,,17,2017-08-25,0.2054,0.3206,0.359
New,1,213,,17,2017-08-25,0.15,0.2706,0.446
New,1,295,,17,2017-08-25,0.2172,0.3368,0.355
26,3,9,1,18,2017-09-20,0.1569,0.4044,0.612
26,3,13,1,18,2017-09-20,0.1574,0.3603,0.563
26,3,16,1,18,2017-09-20,0.1897,0.4431,0.572
26,3,17,1,18,2017-09-20,0.1676,0.3853,0.565
26,3,36,2,18,2017-09-20,0.1931,0.3466,0.443
26,3,42,2,18,2017-09-20,0.1436,0.3083,0.534
26,3,44,2,18,2017-09-20,0.1657,0.3603,0.54
26,3,50,2,18,2017-09-20,0.1627,0.3225,0.495
26,3,51,3,18,2017-09-20,0.1569,0.3176,0.506
26,3,55,3,18,2017-09-20,0.173,0.3755,0.539
26,3,56,3,18,2017-09-20,0.1951,0.351,0.444
26,3,61,3,18,2017-09-20,0.1779,0.3167,0.438
26,3,64,4,18,2017-09-20,0.1868,0.375,0.502
26,3,67,4,18,2017-09-20,0.1613,0.3338,0.517
26,3,76,4,18,2017-09-20,0.1603,0.3255,0.508
26,3,77,4,18,2017-09-20,0.1711,0.3608,0.526
26,3,94,5,18,2017-09-20,0.2,0.3882,0.485
26,3,127,5,18,2017-09-20,0.1926,0.4221,0.544
New,3,201,5,18,2017-09-20,0.1613,0.3132,0.485
New,3,202,5,18,2017-09-20,0.1985,0.4255,0.533
New,3,298,5,18,2017-09-20,0.1426,0.3289,0.566
27,1,11,6,18,2017-09-20,0.1598,0.3603,0.556
27,1,12,6,18,2017-09-20,0.1515,0.3549,0.573
27,1,28,6,18,2017-09-20,0.1779,0.3814,0.533
27,1,29,6,18,2017-09-20,0.1775,0.377,0.529
27,1,30,7,18,2017-09-20,0.1574,0.3623,0.566
27,1,40,7,18,2017-09-20,0.1505,0.3662,0.589
27,1,57,7,18,2017-09-20,0.1946,0.3922,0.504
27,1,58,7,18,2017-09-20,0.1574,0.3475,0.547
27,1,59,8,18,2017-09-20,0.1819,0.3858,0.529
27,1,60,8,18,2017-09-20,0.1422,0.3456,0.589
27,1,73,8,18,2017-09-20,0.1672,0.3534,0.527
27,1,78,8,18,2017-09-20,0.1422,0.3059,0.535
27,1,79,9,18,2017-09-20,0.1431,0.3314,0.568
27,1,82,9,18,2017-09-20,0.1725,0.3912,0.559
27,1,83,9,18,2017-09-20,0.1593,0.3735,0.573
27,1,84,9,18,2017-09-20,0.1426,0.3539,0.597
27,1,88,10,18,2017-09-20,0.1721,0.402,0.572
27,1,90,10,18,2017-09-20,0.1951,0.3971,0.509
27,1,92,10,18,2017-09-20,0.1667,0.3931,0.576
27,1,96,10,18,2017-09-20,0.1299,0.3069,0.577
New,1,205,11,18,2017-09-20,0.1784,0.3721,0.52
New,1,207,11,18,2017-09-20,0.1623,0.3235,0.498
New,1,297,11,18,2017-09-20,0.1598,0.3843,0.584
28,2,8b,17,18,2017-09-20,0.173,0.4431,0.61
28,2,15b,17,18,2017-09-20,0.1951,0.4544,0.571
28,2,18b,17,18,2017-09-20,0.1681,0.3578,0.53
28,2,20b,17,18,2017-09-20,0.1794,0.4049,0.557
28,2,27b,18,18,2017-09-20,0.1451,0.3265,0.556
28,2,34b,18,18,2017-09-20,0.175,0.3956,0.558
28,2,43b,18,18,2017-09-20,0.151,0.375,0.597
28,2,46b,18,18,2017-09-20,0.1441,0.3716,0.612
28,2,49b,18,18,2017-09-20,0.1328,0.3328,0.601
28,2,68b,19,18,2017-09-20,0.1529,0.3319,0.539
28,2,71b,19,18,2017-09-20,0.1451,0.3578,0.595
28,2,85b,19,18,2017-09-20,0.1515,0.3284,0.539
28,2,91b,19,18,2017-09-20,0.1436,0.3657,0.607
28,2,114b,20,18,2017-09-20,0.1382,0.3343,0.587
28,2,125b,20,18,2017-09-20,0.1451,0.3544,0.591
28,2,126b,20,18,2017-09-20,0.1667,0.4044,0.588
28,2,129b,20,18,2017-09-20,0.148,0.3721,0.602
28,2,196b,20,18,2017-09-20,0.1475,0.3598,0.59
28b,2,1c,12,18,2017-09-20,0.1725,0.4103,0.579
28b,2,2c,12,18,2017-09-20,0.1667,0.4,0.583
28b,2,10c,12,18,2017-09-20,0.1451,0.3623,0.599
28b,2,14c,12,18,2017-09-20,0.1495,0.3328,0.551
28b,2,23c,13,18,2017-09-20,0.1819,0.4069,0.553
28b,2,24c,13,18,2017-09-20,0.1706,0.4108,0.585
28b,2,25c,13,18,2017-09-20,0.1662,0.401,0.586
28b,2,31c,13,18,2017-09-20,0.1789,0.423,0.577
28b,2,35c,14,18,2017-09-20,0.1868,0.3912,0.523
28b,2,38c,14,18,2017-09-20,0.1583,0.3691,0.571
28b,2,41c,14,18,2017-09-20,0.1485,0.3701,0.599
28b,2,45c,14,18,2017-09-20,0.1574,0.3725,0.578
28b,2,62c,15,18,2017-09-20,0.176,0.4093,0.57
28b,2,63c,15,18,2017-09-20,0.1588,0.3672,0.567
28b,2,65c,15,18,2017-09-20,0.1686,0.4515,0.626
28b,2,66c,15,18,2017-09-20,0.1387,0.3721,0.627
28b,2,69c,16,18,2017-09-20,0.1745,0.4559,0.617
28b,2,72c,16,18,2017-09-20,0.1868,0.3696,0.495
28b,2,87c,16,18,2017-09-20,0.1799,0.4108,0.562
New,2,209,16,18,2017-09-20,0.1466,0.35,0.581
New,2,210,16,18,2017-09-20,0.1534,0.3667,0.582
New,2,296,16,18,2017-09-20,0.148,0.3637,0.593
29,4,4,21,18,2017-09-20,0.1309,0.3127,0.582
29,4,5,21,18,2017-09-20,0.1662,0.3936,0.578
29,4,6,21,18,2017-09-20,0.2103,0.5034,0.582
29,4,22,21,18,2017-09-20,0.1701,0.3564,0.523
29,4,32,22,18,2017-09-20,0.1863,0.4083,0.544
29,4,33,22,18,2017-09-20,0.1539,0.3471,0.556
29,4,39,22,18,2017-09-20,0.149,0.3294,0.548
29,4,48,22,18,2017-09-20,0.1564,0.349,0.552
29,4,52,23,18,2017-09-20,0.1784,0.3235,0.448
29,4,53,23,18,2017-09-20,0.1618,0.348,0.535
29,4,54,23,18,2017-09-20,0.1328,0.3118,0.574
29,4,70,23,18,2017-09-20,0.1441,0.3025,0.524
29,4,75,24,18,2017-09-20,0.1701,0.3593,0.527
29,4,80,24,18,2017-09-20,0.1564,0.3534,0.558
29,4,81,24,18,2017-09-20,0.175,0.3642,0.52
29,4,89,25,18,2017-09-20,0.2103,0.4132,0.491
29,4,93,25,18,2017-09-20,0.1574,0.3343,0.529
29,4,95,25,18,2017-09-20,0.1647,0.3373,0.512
New,4,212,25,18,2017-09-20,0.1304,0.2931,0.555
New,4,213,25,18,2017-09-20,0.1348,0.3176,0.576
New,4,295,25,18,2017-09-20,0.1873,0.4181,0.552
26,1,9,1,19,2017-09-27,0.1569,0.3828,0.59
26,1,13,1,19,2017-09-27,0.1814,0.3966,0.543
26,1,16,1,19,2017-09-27,0.199,0.475,0.581
26,1,17,1,19,2017-09-27,0.174,0.3946,0.559
26,1,36,2,19,2017-09-27,0.1819,0.3431,0.47
26,1,42,2,19,2017-09-27,0.1392,0.3275,0.575
26,1,44,2,19,2017-09-27,0.1392,0.3309,0.579
26,1,50,2,19,2017-09-27,0.1593,0.3225,0.506
26,1,51,3,19,2017-09-27,0.1608,0.3221,0.501
26,1,55,3,19,2017-09-27,0.1441,0.3147,0.542
26,1,56,3,19,2017-09-27,0.1936,0.3569,0.457
26,1,61,3,19,2017-09-27,0.1853,0.3377,0.451
26,1,64,4,19,2017-09-27,0.1632,0.3397,0.519
26,1,67,4,19,2017-09-27,0.1417,0.3132,0.548
26,1,76,4,19,2017-09-27,0.149,0.3118,0.522
26,1,77,4,19,2017-09-27,0.1765,0.348,0.493
26,1,94,5,19,2017-09-27,0.1897,0.4015,0.527
26,1,127,5,19,2017-09-27,0.1824,0.4549,0.599
New,1,201,5,19,2017-09-27,0.1554,0.3328,0.533
New,1,202,5,19,2017-09-27,0.1843,0.4147,0.556
New,1,298,5,19,2017-09-27,0.1608,0.3784,0.575
27,2,11,6,19,2017-09-27,0.1461,0.374,0.609
27,2,12,6,19,2017-09-27,0.1534,0.3838,0.6
27,2,28,6,19,2017-09-27,0.1902,0.4186,0.546
27,2,29,6,19,2017-09-27,0.1833,0.4025,0.544
27,2,30,7,19,2017-09-27,0.1647,0.3706,0.556
27,2,40,7,19,2017-09-27,0.1431,0.3181,0.55
27,2,57,7,19,2017-09-27,0.1887,0.3804,0.504
27,2,58,7,19,2017-09-27,0.1721,0.3809,0.548
27,2,59,8,19,2017-09-27,0.1456,0.3176,0.542
27,2,60,8,19,2017-09-27,0.1603,0.4088,0.608
27,2,73,8,19,2017-09-27,0.1623,0.3711,0.563
27,2,78,8,19,2017-09-27,0.1441,0.3191,0.548
27,2,79,9,19,2017-09-27,0.1858,0.4578,0.594
27,2,82,9,19,2017-09-27,0.1627,0.3475,0.532
27,2,83,9,19,2017-09-27,0.1833,0.4672,0.608
27,2,84,9,19,2017-09-27,0.1559,0.4142,0.624
27,2,88,10,19,2017-09-27,0.1529,0.3667,0.583
27,2,90,10,19,2017-09-27,0.1868,0.402,0.535
27,2,92,10,19,2017-09-27,0.1417,0.3461,0.591
27,2,96,10,19,2017-09-27,0.1422,0.3578,0.603
New,2,205,11,19,2017-09-27,0.1951,0.4005,0.513
New,2,207,11,19,2017-09-27,0.1701,0.3951,0.569
New,2,297,11,19,2017-09-27,0.1534,0.3804,0.597
28,4,8b,12,19,2017-09-27,0.1593,0.3696,0.569
28,4,15b,12,19,2017-09-27,0.1544,0.3147,0.509
28,4,18b,12,19,2017-09-27,0.1853,0.3539,0.476
28,4,20b,12,19,2017-09-27,0.1975,0.3789,0.479
28,4,27b,13,19,2017-09-27,0.1824,0.3431,0.469
28,4,34b,13,19,2017-09-27,0.1892,0.3706,0.489
28,4,43b,13,19,2017-09-27,0.1569,0.3417,0.541
28,4,46b,13,19,2017-09-27,0.177,0.4137,0.572
28,4,49b,13,19,2017-09-27,0.173,0.3745,0.538
28,4,68b,14,19,2017-09-27,0.1578,0.326,0.516
28,4,71b,14,19,2017-09-27,0.1632,0.4093,0.601
28,4,85b,14,19,2017-09-27,0.1828,0.3407,0.463
28,4,91b,14,19,2017-09-27,0.152,0.3559,0.573
28,4,114b,15,19,2017-09-27,0.152,0.3549,0.572
28,4,125b,15,19,2017-09-27,0.1696,0.4059,0.582
28,4,126b,15,19,2017-09-27,0.1873,0.4225,0.557
28,4,129b,15,19,2017-09-27,0.1529,0.3721,0.589
28,4,196b,15,19,2017-09-27,0.1431,0.3554,0.597
28b,4,1c,16,19,2017-09-27,0.1652,0.3623,0.544
28b,4,2c,16,19,2017-09-27,0.1784,0.376,0.525
28b,4,10c,16,19,2017-09-27,0.1569,0.3642,0.569
28b,4,14c,16,19,2017-09-27,0.1804,0.3667,0.508
28b,4,23c,17,19,2017-09-27,0.1466,0.3123,0.531
28b,4,24c,17,19,2017-09-27,0.1534,0.351,0.563
28b,4,25c,17,19,2017-09-27,0.1721,0.3662,0.53
28b,4,31c,17,19,2017-09-27,0.1608,0.3407,0.528
28b,4,35c,18,19,2017-09-27,0.1907,0.3887,0.509
28b,4,38c,18,19,2017-09-27,0.152,0.3338,0.545
28b,4,41c,18,19,2017-09-27,0.1417,0.3461,0.591
28b,4,45c,18,19,2017-09-27,0.1662,0.376,0.558
28b,4,62c,19,19,2017-09-27,0.1819,0.377,0.518
28b,4,63c,19,19,2017-09-27,0.1755,0.3632,0.517
28b,4,65c,19,19,2017-09-27,0.1676,0.4098,0.591
28b,4,66c,19,19,2017-09-27,0.1539,0.3652,0.579
28b,4,69c,20,19,2017-09-27,0.1588,0.3794,0.581
28b,4,72c,20,19,2017-09-27,0.2025,0.3735,0.458
28b,4,87c,20,19,2017-09-27,0.1451,0.3113,0.534
New,4,209,20,19,2017-09-27,0.1515,0.3515,0.569
New,4,210,20,19,2017-09-27,0.1324,0.3054,0.567
New,4,296,20,19,2017-09-27,0.1412,0.3324,0.575
29,3,4,21,19,2017-09-27,0.1387,0.326,0.574
29,3,5,21,19,2017-09-27,0.1505,0.3446,0.563
29,3,6,21,19,2017-09-27,0.1721,0.3848,0.553
29,3,22,21,19,2017-09-27,0.1863,0.3799,0.51
29,3,32,22,19,2017-09-27,0.1784,0.3912,0.544
29,3,33,22,19,2017-09-27,0.1789,0.4064,0.56
29,3,39,22,19,2017-09-27,0.1505,0.348,0.568
29,3,48,22,19,2017-09-27,0.177,0.3868,0.542
29,3,52,23,19,2017-09-27,0.1397,0.3407,0.59
29,3,53,23,19,2017-09-27,0.1804,0.402,0.551
29,3,54,23,19,2017-09-27,0.1564,0.3951,0.604
29,3,70,23,19,2017-09-27,0.1603,0.3941,0.593
29,3,75,24,19,2017-09-27,0.1348,0.3093,0.564
29,3,80,24,19,2017-09-27,0.1446,0.3387,0.573
29,3,81,24,19,2017-09-27,0.1833,0.3877,0.527
29,3,89,25,19,2017-09-27,0.1873,0.3784,0.505
29,3,93,25,19,2017-09-27,0.1593,0.352,0.547
29,3,95,25,19,2017-09-27,0.1613,0.3598,0.552
New,3,212,25,19,2017-09-27,0.1652,0.3475,0.525
New,3,213,25,19,2017-09-27,0.149,0.3539,0.579
New,3,295,25,19,2017-09-27,0.1975,0.4059,0.513
